<?xml version="1.0" encoding="UTF-8"?>
<addon id="skin.maximinimalismMKII" version="1.0.1" name="Maximinimalism Mark II" provider-name="larusso">
	<requires>
		<import addon="xbmc.gui" version="5.0.1"/>
		<import addon="service.skin.widgets" version="0.0.25"/>
		<import addon="script.globalsearch" version="1.1.1"/>
		<import addon="script.artistslideshow" version="1.5.0"/>
	</requires>
	<extension point="xbmc.gui.skin" defaultthemename="textures.xbt" debugging="false">
	    <res width="1920" height="1080" aspect="16:9" default="true" folder="1080i" />
	</extension>
	<extension point="xbmc.addon.metadata">
		<summary lang="en">A skin for XBMC from larusso, forked from theDeadman</summary>
		<description lang="en">Maximinimalism is a lightweight, clean and simple XBMC experience designed for maximum usability and minimum fuss. Only usable for video only XBMC users.</description>
		<platform>all</platform>
		<license>This work is licensed under the Creative Commons Attribution-Noncommercial-Share Alike 3.0 License.</license>
		<forum>http://forum.xbmc.org/showthread.php?tid=170839</forum>
	    <source>https://github.com/Larusso/skin.maximinimalism.MKII</source>
	</extension>
</addon>
