<?xml version="1.0" encoding="UTF-8"?>
<window type="dialog" id="5000">
    <defaultcontrol always="true">6000</defaultcontrol>
    <allowoverlay>no</allowoverlay>
    <onload>Skin.Reset(menuItemType)</onload>
    <onload>Skin.SetString(currentAddonSourceSlot,$VAR[customAddonSourceSlot])</onload>
    <onload condition="stringcompare(skin.string(menuItemTypeFilter),video)">Skin.SetString(menuItemType,videoAddon)</onload>
    <onload condition="stringcompare(skin.string(menuItemTypeFilter),audio)">Skin.SetString(menuItemType,audioAddon)</onload>
    <controls>
        <control type="group">
            <posx>24</posx>
            <posy>111</posy>
            <animation type="windowopen">
                <effect type="fade" start="0" end="100" time="300" />
                <effect type="slide" start="-100" end="0" tween="sine" easing="out" time="400" />
            </animation>
            <animation type="windowclose">
                <effect type="fade" start="100" end="0" time="300" />
                <effect type="slide" start="0" end="-100" tween="sine" easing="out" time="400" />
            </animation>
            <!--titles-->
            <control type="image">
                <posx>-96</posx>
                <posy>-111</posy>
                <width>col-5-begin</width>
                <height>fullscreenHeight</height>
                <aspectratio>stretch</aspectratio>
                <texture>colors/selected.png</texture>
                <colordiffuse>ffffffff</colordiffuse>
            </control>
            <control type="label">
                <visible>stringcompare(skin.string(menuItemTypeFilter),video)</visible>
                <posx>0</posx>
                <posy>0</posy>
                <width>14-col</width>
                <font>pageTitle</font>
                <label>10006</label>
                <textcolor>black</textcolor>
                <shadowcolor>-</shadowcolor>
            </control>
            <control type="label">
                <visible>stringcompare(skin.string(menuItemTypeFilter),audio)</visible>
                <posx>0</posx>
                <posy>0</posy>
                <width>14-col</width>
                <font>pageTitle</font>
                <label>249</label>
                <textcolor>black</textcolor>
                <shadowcolor>-</shadowcolor>
            </control>
            <control type="label">
                <posx>0</posx>
                <posy>45</posy>
                <width>24-col</width>
                <font>regular</font>
                <label>31039</label>
                <textcolor>black</textcolor>
                <shadowcolor>-</shadowcolor>
            </control>
            <!--set shortcut-->
            <control type="grouplist" id="6000">
                <posx>-12</posx>
                <posy>188</posy>
                <width>4-col</width>
                <height>2-row</height>
                <itemgap>0</itemgap>
                <ondown>5000</ondown>
                <onright>dialog.close(5000)</onright>
                <!--select a video addon-->
                <control type="button" id="6001">
                    <visible>stringcompare(skin.string(menuItemTypeFilter),video)</visible>
                    <description>Video Addon</description>
                    <height>54</height>
                    <width>4-col</width>
                    <font>menuTitle</font>
                    <textcolor>black</textcolor>
                    <focusedcolor>selected</focusedcolor>
                    <texturefocus>colors/black.png</texturefocus>
                    <texturenofocus>colors/unselected.png</texturenofocus>
                    <textoffsetx>12</textoffsetx>
                    <label>31085</label>
                    <onclick>Skin.SetString(menuItemType,videoAddon)</onclick>
                    <onclick>$VAR[customVideoSourceSetType]</onclick>
                    <onclick>$VAR[customVideoSourceAction]</onclick>
                    <onclick>Skin.Reset(menuItemType)</onclick>
                    <onclick>Skin.SetString(currentAddonSourceSlot,$VAR[customAddonSourceSlot])</onclick>
                </control>
                <!--select an audio addon-->
                <control type="button" id="6002">
                    <visible>stringcompare(skin.string(menuItemTypeFilter),audio)</visible>
                    <description>Audio Addon</description>
                    <height>54</height>
                    <width>4-col</width>
                    <font>menuTitle</font>
                    <textcolor>black</textcolor>
                    <focusedcolor>selected</focusedcolor>
                    <texturefocus>colors/black.png</texturefocus>
                    <texturenofocus>colors/unselected.png</texturenofocus>
                    <textoffsetx>12</textoffsetx>
                    <label>31086</label>
                    <onclick>Skin.SetString(menuItemType,audioAddon)</onclick>
                    <onclick>$VAR[customMusicSourceSetType]</onclick>
                    <onclick>$VAR[customMusicSourceAction]</onclick>
                    <onclick>Skin.Reset(menuItemType)</onclick>
                    <onclick>Skin.SetString(currentAddonSourceSlot,$VAR[customAddonSourceSlot])</onclick>
                </control>
                <!--select a video playlist-->
                <control type="button" id="6003">
                    <visible>stringcompare(skin.string(menuItemTypeFilter),video)</visible>
                    <description>Video Playlist</description>
                    <height>54</height>
                    <width>4-col</width>
                    <font>menuTitle</font>
                    <textcolor>black</textcolor>
                    <focusedcolor>selected</focusedcolor>
                    <texturefocus>colors/black.png</texturefocus>
                    <texturenofocus>colors/unselected.png</texturenofocus>
                    <textoffsetx>12</textoffsetx>
                    <label>31091</label>
                    <onclick>Skin.SetString(menuItemType,videoPlaylist)</onclick>
                    <onclick>$VAR[customVideoSourceSetType]</onclick>
                    <onclick>$VAR[customVideoSourceAction]</onclick>
                    <onclick>$VAR[customVideoSourceSetName]</onclick>
                    <onclick>Skin.Reset(menuItemType)</onclick>
                    <onclick>Skin.SetString(currentAddonSourceSlot,$VAR[customAddonSourceSlot])</onclick>
                </control>
                <!--select an audio playlist-->
                <control type="button" id="6004">
                    <visible>stringcompare(skin.string(menuItemTypeFilter),audio)</visible>
                    <description>Audio Playlist</description>
                    <height>54</height>
                    <width>4-col</width>
                    <font>menuTitle</font>
                    <textcolor>black</textcolor>
                    <focusedcolor>selected</focusedcolor>
                    <texturefocus>colors/black.png</texturefocus>
                    <texturenofocus>colors/unselected.png</texturenofocus>
                    <textoffsetx>12</textoffsetx>
                    <label>31092</label>
                    <onclick>Skin.SetString(menuItemType,audioPlaylist)</onclick>
                    <onclick>$VAR[customMusicSourceSetType]</onclick>
                    <onclick>$VAR[customMusicSourceAction]</onclick>
                    <onclick>$VAR[customMusicSourceSetName]</onclick>
                    <onclick>Skin.Reset(menuItemType)</onclick>
                    <onclick>Skin.SetString(currentAddonSourceSlot,$VAR[customAddonSourceSlot])</onclick>
                </control>
            </control>
            <!--current shortcut listing (onclick = remove)-->
            <control type="panel" id="5000">
                <posx>-12</posx>
                <posy>7-row</posy>
                <width>4-col</width>
                <height>8-row</height>
                <orientation>vertical</orientation>
                <onup>6000</onup>
                <onright>dialog.close(5000)</onright>
                <itemlayout width="4-col" height="1-row">
                    <control type="label">
                        <posx>12</posx>
                        <posy>0</posy>
                        <width>1-col</width>
                        <font>symbol</font>
                        <label></label>
                        <textcolor>black</textcolor>
                        <shadowcolor>-</shadowcolor>
                    </control>
                    <control type="label">
                        <posx>42</posx>
                        <posy>0</posy>
                        <width>3-col</width>
                        <font>menuTitle</font>
                        <label>$INFO[ListItem.Label]</label>
                        <textcolor>black</textcolor>
                        <shadowcolor>-</shadowcolor>
                    </control>
                </itemlayout>
                <focusedlayout width="4-col" height="1-row">
                    <control type="image">
                        <posx>0</posx>
                        <posy>2</posy>
                        <width>4-col</width>
                        <height>53</height>
                        <aspectratio>stretch</aspectratio>
                        <texture>colors/black.png</texture>
                        <bordersize>0</bordersize>
                        <colordiffuse>FFFFFFFF</colordiffuse>
                    </control>
                    <control type="label">
                        <posx>12</posx>
                        <posy>0</posy>
                        <width>1-col</width>
                        <font>symbol</font>
                        <label></label>
                        <textcolor>selected</textcolor>
                        <shadowcolor>-</shadowcolor>
                    </control>
                    <control type="label">
                        <posx>42</posx>
                        <posy>0</posy>
                        <width>3-col</width>
                        <font>menuTitle</font>
                        <label>$INFO[ListItem.Label]</label>
                        <textcolor>selected</textcolor>
                        <shadowcolor>-</shadowcolor>
                    </control>
                </focusedlayout>
                <content>
                    <!--video shortcuts-->
                    <item id="1">
                        <visible>stringcompare(skin.string(menuItemTypeFilter),video) + !isempty(Skin.String(customVideoAddon1))</visible>
                        <label>$VAR[customVideoAddon1Title]</label>
                        <onclick>Skin.Reset(customVideoAddon1)</onclick>
                        <onclick>Skin.Reset(customVideoAddon1Type)</onclick>
                        <onclick>Skin.Reset(customVideoAddon1Name)</onclick>
                    </item>
                    <item id="2">
                        <visible>stringcompare(skin.string(menuItemTypeFilter),video) + !isempty(Skin.String(customVideoAddon2))</visible>
                        <label>$VAR[customVideoAddon2Title]</label>
                        <onclick>Skin.Reset(customVideoAddon2)</onclick>
                        <onclick>Skin.Reset(customVideoAddon2Type)</onclick>
                        <onclick>Skin.Reset(customVideoAddon2Name)</onclick>
                    </item>
                    <item id="3">
                        <visible>stringcompare(skin.string(menuItemTypeFilter),video) + !isempty(Skin.String(customVideoAddon3))</visible>
                        <label>$VAR[customVideoAddon3Title]</label>
                        <onclick>Skin.Reset(customVideoAddon3)</onclick>
                        <onclick>Skin.Reset(customVideoAddon3Type)</onclick>
                        <onclick>Skin.Reset(customVideoAddon3Name)</onclick>
                    </item>
                    <item id="4">
                        <visible>stringcompare(skin.string(menuItemTypeFilter),video) + !isempty(Skin.String(customVideoAddon4))</visible>
                        <label>$VAR[customVideoAddon4Title]</label>
                        <onclick>Skin.Reset(customVideoAddon4)</onclick>
                        <onclick>Skin.Reset(customVideoAddon4Type)</onclick>
                        <onclick>Skin.Reset(customVideoAddon4Name)</onclick>
                    </item>
                    <item id="5">
                        <visible>stringcompare(skin.string(menuItemTypeFilter),video) + !isempty(Skin.String(customVideoAddon5))</visible>
                        <label>$VAR[customVideoAddon5Title]</label>
                        <onclick>Skin.Reset(customVideoAddon5)</onclick>
                        <onclick>Skin.Reset(customVideoAddon5Type)</onclick>
                        <onclick>Skin.Reset(customVideoAddon5Name)</onclick>
                    </item>
                    <item id="6">
                        <visible>stringcompare(skin.string(menuItemTypeFilter),video) + !isempty(Skin.String(customVideoAddon6))</visible>
                        <label>$VAR[customVideoAddon6Title]</label>
                        <onclick>Skin.Reset(customVideoAddon6)</onclick>
                        <onclick>Skin.Reset(customVideoAddon6Type)</onclick>
                        <onclick>Skin.Reset(customVideoAddon6Name)</onclick>
                    </item>
                    <item id="7">
                        <visible>stringcompare(skin.string(menuItemTypeFilter),video) + !isempty(Skin.String(customVideoAddon7))</visible>
                        <label>$VAR[customVideoAddon7Title]</label>
                        <onclick>Skin.Reset(customVideoAddon7)</onclick>
                        <onclick>Skin.Reset(customVideoAddon7Type)</onclick>
                        <onclick>Skin.Reset(customVideoAddon7Name)</onclick>
                    </item>
                    <item id="8">
                        <visible>stringcompare(skin.string(menuItemTypeFilter),video) +  !isempty(Skin.String(customVideoAddon8))</visible>
                        <label>$VAR[customVideoAddon8Title]</label>
                        <onclick>Skin.Reset(customVideoAddon8)</onclick>
                        <onclick>Skin.Reset(customVideoAddon8Type)</onclick>
                        <onclick>Skin.Reset(customVideoAddon8Name)</onclick>
                    </item>
                    <!--audio shortcuts-->
                    <item id="9">
                        <visible>stringcompare(skin.string(menuItemTypeFilter),audio) + !isempty(Skin.String(customMusicAddon1))</visible>
                        <label>$VAR[customMusicAddon1Title]</label>
                        <onclick>Skin.Reset(customMusicAddon1)</onclick>
                        <onclick>Skin.Reset(customMusicAddon1Type)</onclick>
                        <onclick>Skin.Reset(customMusicAddon1Name)</onclick>
                    </item>
                    <item id="10">
                        <visible>stringcompare(skin.string(menuItemTypeFilter),audio) + !isempty(Skin.String(customMusicAddon2))</visible>
                        <label>$VAR[customMusicAddon2Title]</label>
                        <onclick>Skin.Reset(customMusicAddon2)</onclick>
                        <onclick>Skin.Reset(customMusicAddon2Type)</onclick>
                        <onclick>Skin.Reset(customMusicAddon2Name)</onclick>
                    </item>
                    <item id="11">
                        <visible>stringcompare(skin.string(menuItemTypeFilter),audio) + !isempty(Skin.String(customMusicAddon3))</visible>
                        <label>$VAR[customMusicAddon3Title]</label>
                        <onclick>Skin.Reset(customMusicAddon3)</onclick>
                        <onclick>Skin.Reset(customMusicAddon3Type)</onclick>
                        <onclick>Skin.Reset(customMusicAddon3Name)</onclick>
                    </item>
                    <item id="12">
                        <visible>stringcompare(skin.string(menuItemTypeFilter),audio) + !isempty(Skin.String(customMusicAddon4))</visible>
                        <label>$VAR[customMusicAddon4Title]</label>
                        <onclick>Skin.Reset(customMusicAddon4)</onclick>
                        <onclick>Skin.Reset(customMusicAddon4Type)</onclick>
                        <onclick>Skin.Reset(customMusicAddon4Name)</onclick>
                    </item>
                    <item id="13">
                        <visible>stringcompare(skin.string(menuItemTypeFilter),audio) + !isempty(Skin.String(customMusicAddon5))</visible>
                        <label>$VAR[customMusicAddon5Title]</label>
                        <onclick>Skin.Reset(customMusicAddon5)</onclick>
                        <onclick>Skin.Reset(customMusicAddon5Type)</onclick>
                        <onclick>Skin.Reset(customMusicAddon5Name)</onclick>
                    </item>
                    <item id="14">
                        <visible>stringcompare(skin.string(menuItemTypeFilter),audio) + !isempty(Skin.String(customMusicAddon6))</visible>
                        <label>$VAR[customMusicAddon6Title]</label>
                        <onclick>Skin.Reset(customMusicAddon6)</onclick>
                        <onclick>Skin.Reset(customMusicAddon6Type)</onclick>
                        <onclick>Skin.Reset(customMusicAddon6Name)</onclick>
                    </item>
                    <item id="15">
                        <visible>stringcompare(skin.string(menuItemTypeFilter),audio) + !isempty(Skin.String(customMusicAddon7))</visible>
                        <label>$VAR[customMusicAddon7Title]</label>
                        <onclick>Skin.Reset(customMusicAddon7)</onclick>
                        <onclick>Skin.Reset(customMusicAddon7Type)</onclick>
                        <onclick>Skin.Reset(customMusicAddon7Name)</onclick>
                    </item>
                    <item id="16">
                        <visible>stringcompare(skin.string(menuItemTypeFilter),audio) + !isempty(Skin.String(customMusicAddon8))</visible>
                        <label>$VAR[customMusicAddon8Title]</label>
                        <onclick>Skin.Reset(customMusicAddon8)</onclick>
                        <onclick>Skin.Reset(customMusicAddon8Type)</onclick>
                        <onclick>Skin.Reset(customMusicAddon8Name)</onclick>
                    </item>
                </content>
            </control>
        </control>
        <!--debugging-->
        <include>DebugGrid</include>
        <control type="label">
            <include>DialogID</include>
            <label>custom_menuitemTypeSelector.xml</label>
        </control>
    </controls>
</window>