<?xml version="1.0" encoding="UTF-8"?>
<window>
    <defaultcontrol always="true">8000</defaultcontrol>
    <allowoverlay>yes</allowoverlay>
    <include>fadeInOut</include>
    <controls>
        <!--fanart / coverart if available-->
        <control type="group">
            <posx>0</posx>
            <posy>0</posy>
            <control type="image">
                <posx>0</posx>
                <posy>0</posy>
                <include>dimensionsFullscreen</include>
                <texture>colors/black.png</texture>
                <colordiffuse>ffffffff</colordiffuse>
                <aspectratio>stretch</aspectratio>
            </control>
            <!--fanart-->
            <control type="image">
                <posx>0</posx>
                <posy>0</posy>
                <include>dimensionsFullscreen</include>
                <aspectratio align="center" aligny="top">stretch</aspectratio>
                <texture fallback="colors/black.png">$INFO[Listitem.art(fanart)]</texture>
                <include>kenBurnsey</include>
            </control>
            <!--vignette-->
            <control type="image">
                <posx>0</posx>
                <posy>0</posy>
                <include>dimensionsFullscreen</include>
                <texture>vignette.png</texture>
                <colordiffuse>ffffffff</colordiffuse>
                <aspectratio>stretch</aspectratio>
            </control>
        </control>
        <!--content is artist-->
        <control type="group">
            <visible>container.content(artists)</visible>
            <posx>col-18-begin</posx>
            <posy>row-2-begin</posy>
            <!--overlay-->
            <control type="image">
                <posx>-96</posx>
                <posy>-95</posy>
                <width>10-col</width>
                <height>fullscreenHeight</height>
                <texture>colors/black.png</texture>
                <colordiffuse>aaffffff</colordiffuse>
                <aspectratio>stretch</aspectratio>
            </control>
            <!--animations-->
            <animation effect="slide" start="500,0" delay="600" tween="quadratic" time="200">WindowOpen</animation>
            <!--content description-->
            <control type="label">
                <posx>0</posx>
                <posy>0</posy>
                <width>7-col</width>
                <font>smallStrong</font>
                <textcolor>selected</textcolor>
                <label>$INFO[ListItem.genre]</label>
                <scroll>false</scroll>
            </control>
            <control type="textbox" id="20">
                <posx>0</posx>
                <posy>1-row</posy>
                <width>7-col</width>
                <height>135</height>
                <font>pageTitle</font>
                <textcolor>selected</textcolor>
                <label>$INFO[ListItem.Artist]</label>
            </control>
            <!--synopsis-->
            <control type="textbox">
                <posx>0</posx>
                <posy>4-row</posy>
                <font>textboxExtraLeading</font>
                <width>7-col</width>
                <textcolor>selected</textcolor>
                <label>[B]$INFO[ListItem.Property(Artist_Description)][/B]</label>
                <height>444</height>
                <autoscroll delay="10000" repeat="10000"></autoscroll>
            </control>
            <!--dialog controls-->
            <control type="list" id="8000">
                <posx>0</posx>
                <posy>729</posy>
                <width>7-col</width>
                <height>3-row</height>
                <itemgap>3</itemgap>
                <orientation>vertical</orientation>
                <itemlayout width="7-col" height="1-row">
                    <control type="image">
                        <posx>0</posx>
                        <posy>2</posy>
                        <width>7-col</width>
                        <height>53</height>
                        <aspectratio>stretch</aspectratio>
                        <texture>colors/black.png</texture>
                    </control>
                    <control type="label">
                        <posx>24</posx>
                        <posy>0</posy>
                        <width>1-col</width>
                        <font>symbol</font>
                        <textcolor>selected</textcolor>
                        <label>$INFO[ListItem.label2]</label>
                        <shadowcolor>-</shadowcolor>
                    </control>
                    <control type="label">
                        <posx>1-col</posx>
                        <posy>2</posy>
                        <width>6-col</width>
                        <font>menuTitle</font>
                        <textcolor>selected</textcolor>
                        <label>$INFO[ListItem.label]</label>
                        <shadowcolor>-</shadowcolor>
                    </control>
                </itemlayout>
                <focusedlayout width="7-col" height="1-row">
                    <control type="image">
                        <posx>0</posx>
                        <posy>2</posy>
                        <width>7-col</width>
                        <height>53</height>
                        <aspectratio>stretch</aspectratio>
                        <texture>colors/selected.png</texture>
                    </control>
                    <control type="label">
                        <posx>24</posx>
                        <posy>0</posy>
                        <width>1-col</width>
                        <font>symbol</font>
                        <textcolor>black</textcolor>
                        <label>$INFO[ListItem.label2]</label>
                        <shadowcolor>-</shadowcolor>
                    </control>
                    <control type="label">
                        <posx>1-col</posx>
                        <posy>2</posy>
                        <width>6-col</width>
                        <font>menuTitle</font>
                        <textcolor>black</textcolor>
                        <label>$INFO[ListItem.label]</label>
                        <shadowcolor>-</shadowcolor>
                    </control>
                </focusedlayout>
                <content>
                    <item id="2">
                        <label>184</label>
                        <label2></label2>
                        <thumb>-</thumb>
                        <onclick>SendClick(6)</onclick>
                    </item>
                    <item id="3">
                        <label>13405</label>
                        <label2></label2>
                        <thumb>-</thumb>
                        <onclick>SendClick(10)</onclick>
                    </item>
                    <item id="4">
                        <label>20413</label>
                        <label2></label2>
                        <thumb>-</thumb>
                        <onclick>SendClick(12)</onclick>
                    </item>
                </content>
            </control>
        </control>
        <!--content is album-->
        <control type="group">
            <visible>container.content(albums) + !container.content(artists)</visible>
            <posx>col-1-begin</posx>
            <posy>row-9-begin</posy>
            <!--overlay-->
            <control type="image">
                <posx>-96</posx>
                <posy>159</posy>
                <width>fullscreenWidth</width>
                <height>fullscreenHeight</height>
                <texture>colors/black.png</texture>
                <colordiffuse>aaffffff</colordiffuse>
                <aspectratio>stretch</aspectratio>
            </control>
            <!--album cover-->
            <control type="image">
                <posx>0</posx>
                <posy>-12</posy>
                <width>8-col-gutter</width>
                <height>8-col-gutter</height>
                <texture>$INFO[listitem.thumb]</texture>
                <colordiffuse>ffffffff</colordiffuse>
                <aspectratio>stretch</aspectratio>
            </control>
            <!--title and synopsis-->
            <control type="group">
                <posx>8-col</posx>
                <posy>3-row</posy>
                <control type="label">
                    <posx>0</posx>
                    <posy>0</posy>
                    <width>12-col</width>
                    <font>dialogTitle</font>
                    <textcolor>selected</textcolor>
                    <label>$INFO[Listitem.album]</label>
                    <scroll>false</scroll>
                </control>
                <control type="label">
                    <posx>0</posx>
                    <posy>1-row</posy>
                    <width>12-col</width>
                    <font>regularStrong</font>
                    <textcolor>selected</textcolor>
                    <label>$INFO[Listitem.artist]$INFO[Listitem.year, • ,]$INFO[ListItem.Property(Album_Label), • ,]</label>
                    <scroll>false</scroll>
                </control>
                <control type="textbox">
                    <posx>0</posx>
                    <posy>2-row</posy>
                    <font>textboxExtraLeading</font>
                    <width>16-col</width>
                    <textcolor>selected</textcolor>
                    <height>150</height>
                    <label>[B]$INFO[ListItem.Property(Album_Description)][/B]</label>
                    <autoscroll delay="10000" repeat="10000"></autoscroll>
                </control>
            </control>
            <!--dialog controls-->
            <control type="list" id="8000">
                <posx>20-col</posx>
                <posy>-12</posy>
                <width>7-col</width>
                <height>3-row</height>
                <itemgap>3</itemgap>
                <orientation>vertical</orientation>
                <itemlayout width="7-col" height="1-row">
                    <control type="image">
                        <posx>0</posx>
                        <posy>2</posy>
                        <width>7-col</width>
                        <height>53</height>
                        <aspectratio>stretch</aspectratio>
                        <texture>colors/black.png</texture>
                    </control>
                    <control type="label">
                        <posx>24</posx>
                        <posy>0</posy>
                        <width>1-col</width>
                        <font>symbol</font>
                        <textcolor>selected</textcolor>
                        <label>$INFO[ListItem.label2]</label>
                        <shadowcolor>-</shadowcolor>
                    </control>
                    <control type="label">
                        <posx>1-col</posx>
                        <posy>2</posy>
                        <width>6-col</width>
                        <font>menuTitle</font>
                        <textcolor>selected</textcolor>
                        <label>$INFO[ListItem.label]</label>
                        <shadowcolor>-</shadowcolor>
                    </control>
                </itemlayout>
                <focusedlayout width="7-col" height="1-row">
                    <control type="image">
                        <posx>0</posx>
                        <posy>2</posy>
                        <width>7-col</width>
                        <height>53</height>
                        <aspectratio>stretch</aspectratio>
                        <texture>colors/selected.png</texture>
                    </control>
                    <control type="label">
                        <posx>24</posx>
                        <posy>0</posy>
                        <width>1-col</width>
                        <font>symbol</font>
                        <textcolor>black</textcolor>
                        <label>$INFO[ListItem.label2]</label>
                        <shadowcolor>-</shadowcolor>
                    </control>
                    <control type="label">
                        <posx>1-col</posx>
                        <posy>2</posy>
                        <width>6-col</width>
                        <font>menuTitle</font>
                        <textcolor>black</textcolor>
                        <label>$INFO[ListItem.label]</label>
                        <shadowcolor>-</shadowcolor>
                    </control>
                </focusedlayout>
                <content>
                    <item id="2">
                        <label>184</label>
                        <label2></label2>
                        <thumb>-</thumb>
                        <onclick>SendClick(6)</onclick>
                    </item>
                    <item id="3">
                        <label>13405</label>
                        <label2></label2>
                        <thumb>-</thumb>
                        <onclick>SendClick(10)</onclick>
                    </item>
                    <item id="4">
                        <label>20413</label>
                        <label2></label2>
                        <thumb>-</thumb>
                        <onclick>SendClick(12)</onclick>
                    </item>
                </content>
            </control>
        </control>
        <!--dialog controls-->
        <control type="group">
            <visible>false</visible>
            <control type="button" id="6">
                <description>Refresh button</description>
                <label>184</label>
            </control>
            <control type="button" id="10">
                <description>Get Thumb</description>
                <label>13405</label>
            </control>
            <control type="button" id="12">
                <description>Get Fanart</description>
                <label>20413</label>
            </control>
        </control>
        <!--debugging-->
        <include>DebugGrid</include>
        <control type="label">
            <include>DialogID</include>
            <label>DialogAlbumInfo.xml</label>
        </control>
    </controls>
</window>