<?xml version="1.0" encoding="UTF-8"?>
<window>
    <defaultcontrol always="true">8000</defaultcontrol>
    <allowoverlay>yes</allowoverlay>
    <include condition="skin.string(showcast,false)">fadeInOut</include>
    <onunload>Skin.Reset(showcast)</onunload>
	<onunload condition="skin.string(showcast,true)">action(info)</onunload>
    <controls>
        <control type="group">
            <!--background / fanart-->
            <control type="image">
                <visible>!Substring(Container.folderpath,plugin) + !container.content(episodes)</visible>
                <posx>0</posx>
                <posy>0</posy>
                <include>dimensionsFullscreen</include>
                <texture>colors/black.png</texture>
                <colordiffuse>ffffffff</colordiffuse>
                <aspectratio>stretch</aspectratio>
            </control>
            <control type="image">
                <visible>Substring(Container.folderpath,plugin) | container.content(episodes)</visible>
                <posx>0</posx>
                <posy>0</posy>
                <include>dimensionsFullscreen</include>
                <texture>colors/black.png</texture>
                <colordiffuse>eeffffff</colordiffuse>
                <aspectratio>stretch</aspectratio>
            </control>
            <control type="image">
                <visible>!Substring(Container.folderpath,plugin) + !container.content(episodes)</visible>
                <posx>0</posx>
                <posy>0</posy>
                <include>dimensionsFullscreen</include>
                <texture>$INFO[listitem.art(fanart)]</texture>
                <colordiffuse>ffffffff</colordiffuse>
                <aspectratio>stretch</aspectratio>
                <include>kenBurnsey</include>
            </control>
            <control type="image">
                <include>dimensionsFullscreen</include>
                <texture>backgrounds/vignette.png</texture>
                <colordiffuse>ffffffff</colordiffuse>
                <aspectratio>stretch</aspectratio>
            </control>
        </control>
        <!--content is movie or tvshow (from XBMC Library)-->
        <control type="group">
            <visible>!Substring(Container.folderpath,plugin) + !container.content(episodes)</visible>
            <!--overlay-->
            <control type="image">
                <posx>0</posx>
                <posy>710</posy>
                <width>fullscreenWidth</width>
                <height>7-row</height>
                <texture>colors/black.png</texture>
                <colordiffuse>99ffffff</colordiffuse>
                <aspectratio>stretch</aspectratio>
            </control>
            <!--coverart-->
            <control type="group">
                <posx>col-1-begin</posx>
                <posy>row-7-begin</posy>
                <!--cover-->
                <control type="image">
                    <posx>-24</posx>
                    <posy>36</posy>
                    <width>6-col</width>
                    <height>635</height>
                    <aspectratio scalediffuse="false">scale</aspectratio>
                    <texture background="true" fallback="colors/black.png" border="0">$INFO[Listitem.art(poster)]</texture>
                    <fadetime>200</fadetime>
                </control>
            </control>
            <!--content-->
            <control type="group">
                <posx>col-7-begin</posx>
                <posy>row-13-begin</posy>
                <control type="label">
                    <posx>0</posx>
                    <posy>0</posy>
                    <width>15-col</width>
                    <align>left</align>
                    <font>dialogTitle</font>
                    <textcolor>selected</textcolor>
                    <label>$INFO[ListItem.label]</label>
					<scroll>true</scroll>
                </control>
                <control type="label">
                    <posx>0</posx>
                    <posy>60</posy>
                    <width>18-col-gutter</width>
                    <align>left</align>
                    <font>itemTitleSmall</font>
                    <textcolor>selected</textcolor>
                    <label>[B]$INFO[ListItem.year,,]$INFO[listitem.director, / Dir. ,]$INFO[listitem.MPAA, / ,][/B]</label>
                </control>
                <!--synopsis-->
                <control type="textbox">
                    <posx>0</posx>
                    <posy>122</posy>
                    <font>textboxExtraLeading</font>
                    <width>15-col</width>
                    <align>left</align>
                    <textcolor>selected</textcolor>
                    <height>188</height>
                    <label>[B]$INFO[ListItem.plot][/B]</label>
                    <autoscroll delay="10000" time="1000" repeat="10000"></autoscroll>
                </control>
            </control>
            <!--dialog controls-->
            <control type="list" id="8000">
                <posx>col-22-begin</posx>
                <posy>row-7-begin</posy>
                <width>8-col</width>
                <height>5-row</height>
                <itemgap>3</itemgap>
                <orientation>vertical</orientation>
                <itemlayout width="8-col" height="1-row">
                    <control type="image">
                        <posx>0</posx>
                        <posy>2</posy>
                        <width>8-col</width>
                        <height>53</height>
                        <aspectratio>stretch</aspectratio>
                        <texture>colors/black.png</texture>
                    </control>
                    <control type="label">
                        <posx>24</posx>
                        <posy>0</posy>
                        <width>1-col</width>
                        <font>symbol</font>
                        <textcolor>selected</textcolor>
                        <label>$INFO[ListItem.label2]</label>
                        <shadowcolor>-</shadowcolor>
                    </control>
                    <control type="label">
                        <posx>1-col</posx>
                        <posy>2</posy>
                        <width>6-col</width>
                        <font>menuTitle</font>
                        <textcolor>selected</textcolor>
                        <label>$INFO[ListItem.label]</label>
                        <shadowcolor>-</shadowcolor>
                    </control>
                </itemlayout>
                <focusedlayout width="8-col" height="1-row">
                    <control type="image">
                        <posx>0</posx>
                        <posy>2</posy>
                        <width>8-col</width>
                        <height>53</height>
                        <aspectratio>stretch</aspectratio>
                        <texture>colors/selected.png</texture>
                    </control>
                    <control type="label">
                        <posx>24</posx>
                        <posy>0</posy>
                        <width>1-col</width>
                        <font>symbol</font>
                        <textcolor>black</textcolor>
                        <label>$INFO[ListItem.label2]</label>
                        <shadowcolor>-</shadowcolor>
                    </control>
                    <control type="label">
                        <posx>1-col</posx>
                        <posy>2</posy>
                        <width>6-col</width>
                        <font>menuTitle</font>
                        <textcolor>black</textcolor>
                        <label>$INFO[ListItem.label]</label>
                        <shadowcolor>-</shadowcolor>
                    </control>
                </focusedlayout>
                <content>
                    <item id="1">
                        <label>31075</label>
                        <label2></label2>
                        <thumb>-</thumb>
                        <onclick>sendclick(2003,8)</onclick>
                    </item>
                    <item id="2">
                        <label>31074</label>
                        <label2></label2>
                        <thumb>-</thumb>
						<onclick>Skin.SetString(showcast,true)</onclick>
                   </item>
					<item id="3">
                        <visible>!IsEmpty(ListItem.Trailer)</visible>
                        <label>20410</label>
                        <label2></label2>
                        <thumb>-</thumb>
                        <onclick>SendClick(2003,11)</onclick>
                    </item>
                    <item id="4">
                        <label>31076</label>
                        <label2></label2>
                        <thumb>-</thumb>
                        <onclick>SendClick(2003,6)</onclick>
                    </item>
                    <item id="5">
                        <label>13511</label>
                        <label2></label2>
                        <thumb>-</thumb>
                        <onclick>SendClick(2003,10)</onclick>
                    </item>
                </content>
            </control>
        </control>
        <!--content is tvshow episode or content is from a plugin-->
        <control type="group">
            <visible>Substring(Container.folderpath,plugin) | container.content(episodes)</visible>
            <!--thumbnail if available-->
            <control type="group">
                <posx>col-7-begin</posx>
                <posy>row-1-begin</posy>
                <!--animation-->
                <animation type="Windowopen">
                    <effect type="slide" start="0,-200" end="0" tween="sine" easing="out" time="300" />
                </animation>
                <control type="image">
                    <posx>0</posx>
                    <posy>12</posy>
                    <width>12-col</width>
                    <height>486</height>
                    <aspectratio scalediffuse="false">scale</aspectratio>
                    <texture background="true" fallback="colors/black.png" border="0">$INFO[Listitem.thumb]</texture>
                </control>
            </control>
            <!--content-->
            <control type="group">
                <posx>col-7-begin</posx>
                <posy>row-10-begin</posy>
                <!--animation-->
                <animation type="Windowopen">
                    <effect type="slide" start="0,200" end="0" tween="sine" easing="out" time="300" />
                </animation>
                <!--titles-->
                <control type="label">
                    <posx>0</posx>
                    <posy>0</posy>
                    <width>12-col</width>
                    <align>left</align>
                    <font>itemTitleSmall</font>
                    <textcolor>selected</textcolor>
                    <shadowcolor>-</shadowcolor>
                    <scroll>true</scroll>
                    <label>$INFO[listitem.tvshowtitle,, • ]$INFO[listitem.season,Season]$INFO[listitem.duration, • , mins]</label>
                </control>
                <control type="label">
                    <description>Episode title</description>
                    <posx>0</posx>
                    <posy>1-row</posy>
                    <width>12-col</width>
                    <align>left</align>
                    <font>mediumStrong</font>
                    <scroll>true</scroll>
                    <textcolor>selected</textcolor>
                    <shadowcolor>-</shadowcolor>
                    <label>$INFO[ListItem.Label]</label>
                </control>
                <!--synopsis-->
                <control type="textbox">
                    <posx>0</posx>
                    <posy>120</posy>
                    <font>textboxExtraLeading</font>
                    <width>12-col</width>
                    <align>left</align>
                    <textcolor>selected</textcolor>
                    <shadowcolor>-</shadowcolor>
                    <height>208</height>
                    <label>[B]$INFO[ListItem.plot][/B]</label>
                    <autoscroll delay="10000" time="1000" repeat="10000"></autoscroll>
                </control>
                <!--dialog controls-->
                <control type="list" id="8000">
                    <posx>0</posx>
                    <posy>386</posy>
                    <width>12-col</width>
                    <height>1-row</height>
                    <itemgap>3</itemgap>
                    <orientation>horizontal</orientation>
                    <itemlayout width="6-col" height="1-row">
                        <control type="image">
                            <posx>0</posx>
                            <posy>2</posy>
                            <width>6-col</width>
                            <height>53</height>
                            <aspectratio>stretch</aspectratio>
                            <texture>colors/black.png</texture>
                        </control>
                        <control type="label">
                            <posx>24</posx>
                            <posy>0</posy>
                            <width>1-col</width>
                            <font>symbol</font>
                            <textcolor>selected</textcolor>
                            <label>$INFO[ListItem.label2]</label>
                            <shadowcolor>-</shadowcolor>
                        </control>
                        <control type="label">
                            <posx>1-col</posx>
                            <posy>2</posy>
                            <width>6-col</width>
                            <font>menuTitle</font>
                            <textcolor>selected</textcolor>
                            <label>$INFO[ListItem.label]</label>
                            <shadowcolor>-</shadowcolor>
                        </control>
                    </itemlayout>
                    <focusedlayout width="6-col" height="1-row">
                        <control type="image">
                            <posx>0</posx>
                            <posy>2</posy>
                            <width>6-col</width>
                            <height>53</height>
                            <aspectratio>stretch</aspectratio>
                            <texture>colors/selected.png</texture>
                        </control>
                        <control type="label">
                            <posx>24</posx>
                            <posy>0</posy>
                            <width>1-col</width>
                            <font>symbol</font>
                            <textcolor>black</textcolor>
                            <label>$INFO[ListItem.label2]</label>
                            <shadowcolor>-</shadowcolor>
                        </control>
                        <control type="label">
                            <posx>1-col</posx>
                            <posy>2</posy>
                            <width>6-col</width>
                            <font>menuTitle</font>
                            <textcolor>black</textcolor>
                            <label>$INFO[ListItem.label]</label>
                            <shadowcolor>-</shadowcolor>
                        </control>
                    </focusedlayout>
                    <content>
                        <item id="1">
                            <label>31075</label>
                            <label2></label2>
                            <thumb>-</thumb>
                            <onclick>sendclick(2003,8)</onclick>
                        </item>
                        <item id="2">
                            <visible>!Substring(Container.folderpath,plugin)</visible>
                            <label>31076</label>
                            <label2></label2>
                            <thumb>-</thumb>
                            <onclick>SendClick(2003,6)</onclick>
                        </item>
                    </content>
                </control>
            </control>
        </control>
        <!--cast and crew toggle-->
        <control type="group">
            <visible>skin.string(showcast,true)</visible>
            <animation type="visible">
                <effect type="fade" start="0" end="100" time="300" />
                <effect type="slide" start="0,-200" end="0" tween="cubic" easing="out" time="400" />
            </animation>
            <animation type="hidden">
                <effect type="fade" start="100" end="0" time="300" />
                <effect type="slide" start="0" end="0,300" tween="cubic" easing="out" time="400" />
            </animation>
            <control type="image">
                <include>dimensionsFullscreen</include>
                <texture>colors/black.png</texture>
                <colordiffuse>ffffffff</colordiffuse>
                <aspectratio>stretch</aspectratio>
            </control>
            <control type="image">
                <posx>0</posx>
                <posy>0</posy>
                <include>dimensionsFullscreen</include>
                <texture>$INFO[listitem.art(fanart)]</texture>
                <colordiffuse>33ffffff</colordiffuse>
                <aspectratio>stretch</aspectratio>
            </control>
            <control type="label">
                <posx>col-1-begin</posx>
                <posy>row-3-begin</posy>
                <width>24-col</width>
                <align>left</align>
                <font>dialogTitle</font>
                <textcolor>selected</textcolor>
                <label>$INFO[ListItem.label] [COLOR accented]$LOCALIZE[31074][/COLOR]</label>
            </control>
            <control type="panel" id="50">
                <posx>col-1-begin</posx>
                <posy>5-row</posy>
                <width>24-col</width>
                <height>11-row</height>
                <itemgap>3</itemgap>
                <itemlayout width="8-col" height="3-col">
                    <control type="image">
                        <posx>0</posx>
                        <posy>0</posy>
                        <width>3-col-gutter</width>
                        <height>3-col-gutter</height>
                        <aspectratio scalediffuse="false">scale</aspectratio>
                        <texture diffuse="masks/circle.png" border="0" fallback="colors/offblack.png">$INFO[listitem.thumb]</texture>
                        <bordersize>0</bordersize>
                        <colordiffuse>ffFFFFFF</colordiffuse>
                    </control>
                    <control type="textbox">
                        <posx>3-col</posx>
                        <posy>36</posy>
                        <width>5-col-gutter</width>
                        <height>90</height>
                        <font>itemTitle</font>
                        <textcolor>selected</textcolor>
                        <label>$INFO[ListItem.label]</label>
                        <shadowcolor>-</shadowcolor>
                    </control>
                </itemlayout>
                <focusedlayout width="8-col" height="3-col">
                    <control type="image">
                        <posx>0</posx>
                        <posy>0</posy>
                        <width>3-col-gutter</width>
                        <height>3-col-gutter</height>
                        <aspectratio scalediffuse="false">scale</aspectratio>
                        <texture diffuse="masks/circle.png" border="0" fallback="colors/offblack.png">$INFO[listitem.thumb]</texture>
                        <bordersize>0</bordersize>
                        <colordiffuse>ffFFFFFF</colordiffuse>
                    </control>
                    <control type="textbox">
                        <posx>3-col</posx>
                        <posy>36</posy>
                        <width>5-col-gutter</width>
                        <height>90</height>
                        <font>itemTitle</font>
                        <textcolor>selected</textcolor>
                        <label>$INFO[ListItem.label]</label>
                        <shadowcolor>-</shadowcolor>
                    </control>
                </focusedlayout>
            </control>
        </control>
        <!--buttons-->
        <control type="group">
            <visible>false</visible>
            <control type="button" id="8">
                <description>Play</description>
            </control>
            <control type="button" id="6">
                <description>Refresh</description>
            </control>
            <control type="button" id="10">
                <description>Choose Art</description>
            </control>
            <control type="button" id="11">
                <description>Trailer</description>
            </control>
        </control>
        <!--debugging-->
        <include>DebugGrid</include>
        <control type="label">
            <include>DialogID</include>
            <label>DialogVideoInfo.xml</label>
        </control>
    </controls>
</window>