<?xml version="1.0" encoding="UTF-8"?>
<window>
	<defaultcontrol always="true">14</defaultcontrol>
	<controls>
		
		<control type="group">
         
            <control type="group">
                <posx>1492</posx>
                <posy>270</posy>

				<animation effect="slide" end="0,57" time="0" condition="Container.Position(1)">Conditional</animation>
	            <animation effect="slide" end="0,114" time="0" condition="Container.Position(2)">Conditional</animation>
	            <animation effect="slide" end="0,171" time="0" condition="Container.Position(3)">Conditional</animation>
	            <animation effect="slide" end="0,228" time="0" condition="Container.Position(4)">Conditional</animation>
	            <animation effect="slide" end="0,285" time="0" condition="Container.Position(5)">Conditional</animation>
	            <animation effect="slide" end="0,342" time="0" condition="Container.Position(6)">Conditional</animation>
				<animation effect="slide" end="0,399" time="0" condition="Container.Position(7)">Conditional</animation>
				<animation effect="slide" end="0,456" time="0" condition="Container.Position(8)">Conditional</animation>
				<animation effect="slide" end="0,513" time="0" condition="Container.Position(9)">Conditional</animation>
				<animation effect="slide" end="0,570" time="0" condition="Container.Position(10)">Conditional</animation>
				<animation effect="slide" end="0,627" time="0" condition="Container.Position(11)">Conditional</animation>
				<animation effect="slide" end="0,684" time="0" condition="Container.Position(12)">Conditional</animation>
                
                <control type="button" id="14">
                    <description>Decrease rating button</description>
                    <posx>0</posx>
			        <posy>0</posy>
			        <width>60</width>
			        <height>1-row</height>
			        <font>symbolLarge</font>
					<label></label>
			        <aligny>center</aligny>
			        <align>left</align>
			        <textoffsetx>0</textoffsetx>
			        <focusedcolor>black</focusedcolor>
			        <textcolor>black</textcolor>    
                    <onclick>sendclick(10)</onclick>
					<onup>IncreaseRating</onup>
					<ondown>DecreaseRating</ondown>
                </control>

                <control type="button" id="15">
                    <description>Increase rating button</description>
                    <posx>42</posx>
			        <posy>0</posy>
			        <width>60</width>
			        <height>1-row</height>
			        <font>symbolLarge</font>
					<label></label>
			        <aligny>center</aligny>
			        <align>left</align>
			        <textoffsetx>0</textoffsetx>
			        <focusedcolor>black</focusedcolor>
			        <textcolor>black</textcolor>
                    <onclick>sendclick(10)</onclick>
					<onup>IncreaseRating</onup>
					<ondown>DecreaseRating</ondown>
                </control>
                
            </control>
        </control>
		
		<control type="group">
            <visible>false</visible>
            <!--selection buttons-->
            <control type="button" id="10">
                <description>OK</description>
            </control>
        </control>
        <!--debugging-->
        <include>DebugGrid</include>
        <control type="label">
            <include>DialogID</include>
            <label>DialogSongInfo.xml</label>
        </control>
		
	</controls>
</window>