<?xml version="1.0" encoding="UTF-8"?>
<window>
    <defaultcontrol>160</defaultcontrol>
	<allowoverlay>no</allowoverlay>
    <coordinates>
        <system>1</system>
        <posx>0</posx>
        <posy>0</posy>
    </coordinates>
    <controls>
        <control type="image">
            <posx>0</posx>
            <posy>0</posy>
            <width>fullscreenWidth</width>
            <height>fullscreenHeight</height>
            <aspectratio>stretch</aspectratio>
            <texture>colors/black.png</texture>
            <colordiffuse>eeFFFFFF</colordiffuse>
            <include>fadeInOut</include>
        </control>
        <control type="group" id="250">
            <posx>col-3-begin</posx>
            <posy>row-2-begin</posy>
            <!--animations-->
            <include>modalDialogInOutVertical</include>
            <control type="image">
                <posx>-240</posx>
                <posy>44</posy>
                <width>fullscreenWidth</width>
                <height>1-row</height>
                <texture>colors/selected.png</texture>
                <colordiffuse>ffffffff</colordiffuse>
                <aspectratio>stretch</aspectratio>
            </control>
            <control type="image">
                <posx>-3</posx>
                <posy>44</posy>
                <width>3</width>
                <height>1-row</height>
                <texture>colors/black.png</texture>
                <colordiffuse>ffffffff</colordiffuse>
                <aspectratio>stretch</aspectratio>
            </control>
            <!--query results-->
            <control type="label" id="100">
                <posx>12</posx>
                <posy>47</posy>
                <width>16-col-gutter</width>
                <height>1-row</height>
                <font>pageTitle</font>
                <textcolor>black</textcolor>
                <shadowcolor>-</shadowcolor>
                <wrapmultiline>false</wrapmultiline>
            </control>
            <control type="image" id="110">
                <description>Service Logo</description>
                <visible>false</visible>
                <posx>0</posx>
                <posy>3-row</posy>
                <width>2-col</width>
                <height>1-row</height>
                <aspectratio>keep</aspectratio>
            </control>
            <!-- ** Required ** Do not change <id>or<type>-->
            <control type="group">
                <!--subtitle file selection-->
                <control type="panel" id="120">
                    <posx>4-col</posx>
                    <posy>120</posy>
                    <width>16-col</width>
                    <height>13-row</height>
                    <onleft>150</onleft>
                    <onright>60</onright>
                    <scrolltime>200</scrolltime>
                    <pagecontrol>60</pagecontrol>
                    <itemlayout width="16-col" height="1-row">
                        <!--filename-->
                        <control type="label">
                            <posx>12</posx>
                            <posy>0</posy>
                            <width>7-col</width>
                            <font>itemTitle</font>
                            <textcolor>selected</textcolor>
                            <selectedcolor>selected</selectedcolor>
                            <shadowcolor>-</shadowcolor>
                            <info>ListItem.Label2</info>
                        </control>
                        <!--language-->
                        <control type="label">
                            <posx>8-col</posx>
                            <posy>0</posy>
                            <width>4-col-gutter</width>
                            <font>itemTitle</font>
                            <textcolor>selected</textcolor>
                            <selectedcolor>selected</selectedcolor>
                            <shadowcolor>-</shadowcolor>
                            <info>ListItem.Label</info>
                        </control>
                        <!--rating-->
                        <control type="label">
                            <posx>12-col</posx>
                            <posy>0</posy>
                            <width>1-col</width>
                            <font>itemTitle</font>
                            <textcolor>selected</textcolor>
                            <selectedcolor>selected</selectedcolor>
                            <shadowcolor>-</shadowcolor>
                            <label>$INFO[ListItem.ActualIcon]*</label>
                        </control>
                        <!--closed caption-->
                        <control type="label">
                            <visible>ListItem.property(hearing_imp)</visible>
                            <posx>14-col</posx>
                            <posy>0</posy>
                            <width>1-col</width>
                            <font>itemTitle</font>
                            <textcolor>selected</textcolor>
                            <selectedcolor>selected</selectedcolor>
                            <shadowcolor>-</shadowcolor>
                            <label>31121</label>
                        </control>
                        <!--sync icon-->
                        <control type="label">
                            <visible>ListItem.property(sync)</visible>
                            <posx>15-col</posx>
                            <posy>0</posy>
                            <width>1-col</width>
                            <font>itemTitle</font>
                            <textcolor>selected</textcolor>
                            <selectedcolor>selected</selectedcolor>
                            <shadowcolor>-</shadowcolor>
                            <label>31122</label>
                        </control>
                    </itemlayout>
                    <focusedlayout width="16-col" height="1-row">
                        <control type="image">
                            <posx>0</posx>
                            <posy>0</posy>
                            <width>16-col</width>
                            <height>54</height>
                            <aspectratio>stretch</aspectratio>
                            <texture>colors/selected.png</texture>
                            <bordersize>0</bordersize>
                            <colordiffuse>FFFFFFFF</colordiffuse>
                        </control>
                        <!--filename-->
                        <control type="label">
                            <posx>12</posx>
                            <posy>0</posy>
                            <width>7-col</width>
                            <font>itemTitle</font>
                            <textcolor>black</textcolor>
                            <selectedcolor>black</selectedcolor>
                            <shadowcolor>-</shadowcolor>
                            <info>ListItem.Label2</info>
                        </control>
                        <!--language-->
                        <control type="label">
                            <posx>8-col</posx>
                            <posy>0</posy>
                            <width>4-col-gutter</width>
                            <font>itemTitle</font>
                            <textcolor>black</textcolor>
                            <selectedcolor>black</selectedcolor>
                            <shadowcolor>-</shadowcolor>
                            <info>ListItem.Label</info>
                        </control>
                        <!--rating-->
                        <control type="label">
                            <posx>12-col</posx>
                            <posy>0</posy>
                            <width>1-col</width>
                            <font>itemTitle</font>
                            <textcolor>black</textcolor>
                            <selectedcolor>black</selectedcolor>
                            <shadowcolor>-</shadowcolor>
                            <label>$INFO[ListItem.ActualIcon]*</label>
                        </control>
                        <!--closed caption-->
                        <control type="label">
                            <visible>ListItem.property(hearing_imp)</visible>
                            <posx>14-col</posx>
                            <posy>0</posy>
                            <width>1-col</width>
                            <font>itemTitle</font>
                            <textcolor>black</textcolor>
                            <selectedcolor>black</selectedcolor>
                            <shadowcolor>-</shadowcolor>
                            <label>31121</label>
                        </control>
                        <!--sync icon-->
                        <control type="label">
                            <visible>ListItem.property(sync)</visible>
                            <posx>15-col</posx>
                            <posy>0</posy>
                            <width>1-col</width>
                            <font>itemTitle</font>
                            <textcolor>black</textcolor>
                            <selectedcolor>black</selectedcolor>
                            <shadowcolor>-</shadowcolor>
                            <label>31122</label>
                        </control>
                    </focusedlayout>
                </control>
                <!--page scrollbar-->
                <control type="group" id="8000">
                    <visible>Control.IsVisible(60)</visible>
                    <animation effect="fade" start="100" end="0" time="100" condition="!controlgroup(8000).hasfocus">conditional</animation>
                    <control type="scrollbar" id="60">
                        <posx>col-20-begin</posx>
                        <posy>120</posy>
                        <height>13-row</height>
                        <onleft>120</onleft>
                    </control>
                </control>
            </control>
            <!--manual search button-->
			<control type="button" id="160">
                <posy>120</posy>
				<height>54</height>
                <width>4-col-gutter</width>
                <align>left</align>
                <textoffsetx>12</textoffsetx>
                <font>menuTitle</font>
                <textcolor>selected</textcolor>
                <focusedcolor>black</focusedcolor>
                <texturefocus>colors/selected.png</texturefocus>
                <label>31134</label>
				<ondown>150</ondown>
				<onright>120</onright>
            </control>
			<!--subtitle service choice-->
            <control type="group">
                <control type="list" id="150">
                    <posx>0</posx>
                    <posy>177</posy>
                    <width>4-col-gutter</width>
                    <height>4-row</height>
                    <onright>120</onright>
					<onup>160</onup>
                    <scrolltime>200</scrolltime>
                    <itemlayout width="4-col" height="1-row">
                        <control type="label">
                            <posx>12</posx>
                            <posy>0</posy>
                            <width>6-col-gutter</width>
                            <font>menuTitle</font>
                            <textcolor>selected</textcolor>
                            <selectedcolor>selected</selectedcolor>
                            <shadowcolor>-</shadowcolor>
                            <info>ListItem.Label</info>
                            <visible>!ListItem.property(man)</visible>
                        </control>
                        <control type="label">
                            <posx>12</posx>
                            <posy>0</posy>
                            <width>6-col-gutter</width>
                            <font>menuTitle</font>
                            <textcolor>selected</textcolor>
                            <selectedcolor>selected</selectedcolor>
                            <shadowcolor>-</shadowcolor>
                            <info>ListItem.Label</info>
                            <visible>ListItem.property(man)</visible>
                        </control>
                    </itemlayout>
                    <focusedlayout width="4-col" height="1-row">
                        <control type="image">
                            <visible>control.hasfocus(150)</visible>
                            <posx>0</posx>
                            <posy>0</posy>
                            <width>6-col</width>
                            <height>54</height>
                            <aspectratio>stretch</aspectratio>
                            <texture>colors/selected.png</texture>
                            <bordersize>0</bordersize>
                            <colordiffuse>ffFFFFFF</colordiffuse>
                        </control>
                        <control type="image">
                            <visible>!control.hasfocus(150)</visible>
                            <posx>0</posx>
                            <posy>0</posy>
                            <width>6-col</width>
                            <height>54</height>
                            <aspectratio>stretch</aspectratio>
                            <texture>colors/selected.png</texture>
                            <bordersize>0</bordersize>
                            <colordiffuse>aaFFFFFF</colordiffuse>
                        </control>
                        <control type="label">
                            <posx>12</posx>
                            <posy>0</posy>
                            <width>6-col-gutter</width>
                            <font>menuTitle</font>
                            <textcolor>black</textcolor>
                            <selectedcolor>black</selectedcolor>
                            <shadowcolor>-</shadowcolor>
                            <info>ListItem.Label</info>
                            <visible>!ListItem.property(man)</visible>
                        </control>
                        <control type="label">
                            <posx>12</posx>
                            <posy>0</posy>
                            <width>6-col-gutter</width>
                            <font>menuTitle</font>
                            <textcolor>black</textcolor>
                            <selectedcolor>black</selectedcolor>
                            <shadowcolor>-</shadowcolor>
                            <info>ListItem.Label</info>
                            <visible>ListItem.property(man)</visible>
                        </control>
                    </focusedlayout>
                </control>
            </control>
        </control>
        <!--debugging-->
        <include>DebugGrid</include>
        <control type="label">
            <include>DialogID</include>
            <label>DialogSubtitles.xml</label>
        </control>
    </controls>
</window>