<?xml version="1.0" encoding="UTF-8"?>
<window>
    <defaultcontrol>8000</defaultcontrol>
    <coordinates>
        <system>1</system>
        <posx>0</posx>
        <posy>0</posy>
    </coordinates>
    <controls>
        <!--background-->
        <include>globalBackground</include>
        <control type="image">
            <include>dimensionsFullscreen</include>
            <texture>colors/black.png</texture>
            <aspectratio>stretch</aspectratio>
            <colordiffuse>99ffffff</colordiffuse>
        </control>
        <control type="group" id="9001">
            <posx>col-5-begin</posx>
            <posy>row-3-begin</posy>
            <!--animations-->
            <include>modalDialogInOutVertical</include>
            <control type="image">
                <posx>-384</posx>
                <posy>44</posy>
                <width>fullscreenWidth</width>
                <height>1-row</height>
                <texture>colors/selected.png</texture>
                <colordiffuse>ffffffff</colordiffuse>
                <aspectratio>stretch</aspectratio>
            </control>
            <control type="image">
                <posx>-3</posx>
                <posy>44</posy>
                <width>3</width>
                <height>1-row</height>
                <texture>colors/black.png</texture>
                <colordiffuse>ffffffff</colordiffuse>
                <aspectratio>stretch</aspectratio>
            </control>
            <control type="label" id="2">
                <description>header label</description>
                <posx>12</posx>
                <posy>47</posy>
                <width>16-col</width>
                <font>pageTitle</font>
                <label>1026</label>
                <textcolor>black</textcolor>
                <shadowcolor>-</shadowcolor>
            </control>
            <control type="group">
                <posx>0</posx>
                <posy>2-row</posy>
                <!--set path-->
                <control type="label">
                    <description>path label</description>
                    <posx>12</posx>
                    <posy>0</posy>
                    <width>16-col</width>
                    <font>itemTitleSmallCondensed</font>
                    <label>1021</label>
                    <textcolor>selected</textcolor>
                    <shadowcolor>-</shadowcolor>
                </control>
                <control type="image">
                    <posx>0</posx>
                    <posy>1-row</posy>
                    <width>12-col-gutter</width>
                    <height>5-row</height>
                    <texture>colors/black.png</texture>
                    <colordiffuse>77ffffff</colordiffuse>
                    <aspectratio>stretch</aspectratio>
                </control>
                <!--path list-->
                <control type="panel" id="10">
                    <posx>0</posx>
                    <posy>1-row</posy>
                    <width>12-col-gutter</width>
                    <height>4-row</height>
                    <onright>8000</onright>
                    <ondown>12</ondown>
                    <pagecontrol>-</pagecontrol>
                    <scrolltime>200</scrolltime>
                    <itemlayout width="12-col" height="1-row">
                        <control type="image">
                            <posx>0</posx>
                            <posy>0</posy>
                            <width>12-col</width>
                            <height>53</height>
                            <aspectratio>stretch</aspectratio>
                            <texture>colors/offblack.png</texture>
                            <bordersize>0</bordersize>
                            <colordiffuse>99FFFFFF</colordiffuse>
                        </control>
                        <control type="label">
                            <posx>12</posx>
                            <posy>-1</posy>
                            <width>12-col</width>
                            <height>1-row</height>
                            <font>itemTitle</font>
                            <textcolor>selected</textcolor>
                            <selectedcolor>selected</selectedcolor>
                            <info>ListItem.Label</info>
                            <shadowcolor>-</shadowcolor>
                        </control>
                    </itemlayout>
                    <focusedlayout width="12-col" height="1-row">
                        <control type="image">
                            <posx>0</posx>
                            <posy>0</posy>
                            <width>12-col</width>
                            <height>53</height>
                            <aspectratio>stretch</aspectratio>
                            <texture>colors/selected.png</texture>
                            <bordersize>0</bordersize>
                            <colordiffuse>ffFFFFFF</colordiffuse>
                        </control>
                        <control type="label">
                            <posx>12</posx>
                            <posy>-1</posy>
                            <width>12-col</width>
                            <height>1-row</height>
                            <font>itemTitle</font>
                            <textcolor>black</textcolor>
                            <selectedcolor>black</selectedcolor>
                            <info>ListItem.Label</info>
                            <shadowcolor>-</shadowcolor>
                        </control>
                    </focusedlayout>
                </control>
                <!--name source-->
                <control type="label">
                    <description>Name label</description>
                    <posx>12</posx>
                    <posy>7-row</posy>
                    <width>12-col-gutter</width>
                    <font>itemTitle</font>
                    <label>31045</label>
                    <textcolor>selected</textcolor>
                    <shadowcolor>-</shadowcolor>
                </control>
                <control type="button" id="12">
                    <description>Name Button</description>
                    <posx>3-col</posx>
                    <posy>7-row</posy>
                    <width>9-col-gutter</width>
                    <height>1-row</height>
                    <label>-</label>
                    <font>itemTitle</font>
                    <textoffsetx>12</textoffsetx>
                    <texturefocus>colors/selected.png</texturefocus>
                    <texturenofocus>colors/black.png</texturenofocus>
                    <onup>10</onup>
                    <onright>8000</onright>
                    <ondown>10</ondown>
                </control>
            </control>
            <!--dialog controls-->
            <control type="group">
                <posx>12-col</posx>
                <posy>160</posy>
                <control type="panel" id="8000">
                    <posx>0</posx>
                    <posy>10</posy>
                    <width>4-col</width>
                    <height>5-row</height>
                    <itemgap>3</itemgap>
                    <orientation>vertical</orientation>
                    <onleft>10</onleft>
                    <itemlayout width="4-col" height="1-row">
                        <control type="image">
                            <posx>0</posx>
                            <posy>2</posy>
                            <width>4-col</width>
                            <height>53</height>
                            <aspectratio>stretch</aspectratio>
                            <texture>colors/black.png</texture>
                        </control>
                        <control type="label">
                            <posx>24</posx>
                            <posy>0</posy>
                            <width>1-col</width>
                            <font>symbol</font>
                            <textcolor>selected</textcolor>
                            <label>$INFO[ListItem.label2]</label>
                            <shadowcolor>-</shadowcolor>
                        </control>
                        <control type="label">
                            <posx>1-col</posx>
                            <posy>2</posy>
                            <width>3-col</width>
                            <font>menuTitle</font>
                            <textcolor>selected</textcolor>
                            <label>$INFO[ListItem.label]</label>
                            <shadowcolor>-</shadowcolor>
                        </control>
                    </itemlayout>
                    <focusedlayout width="4-col" height="1-row">
                        <control type="image">
                            <posx>0</posx>
                            <posy>2</posy>
                            <width>4-col</width>
                            <height>53</height>
                            <aspectratio>stretch</aspectratio>
                            <texture>colors/selected.png</texture>
                        </control>
                        <control type="label">
                            <posx>24</posx>
                            <posy>0</posy>
                            <width>1-col</width>
                            <font>symbol</font>
                            <textcolor>black</textcolor>
                            <label>$INFO[ListItem.label2]</label>
                            <shadowcolor>-</shadowcolor>
                        </control>
                        <control type="label">
                            <posx>1-col</posx>
                            <posy>2</posy>
                            <width>3-col</width>
                            <font>menuTitle</font>
                            <textcolor>black</textcolor>
                            <label>$INFO[ListItem.label]</label>
                            <shadowcolor>-</shadowcolor>
                        </control>
                    </focusedlayout>
                    <content>
                        <item id="1">
                            <description>Browse</description>
                            <label>1024</label>
                            <label2></label2>
                            <thumb>-</thumb>
                            <onclick>SendClick(129,11)</onclick>
                        </item>
                        <item id="2">
                            <description>Add Path Button</description>
                            <label>15019</label>
                            <label2></label2>
                            <thumb>-</thumb>
                            <onclick>SendClick(129,13)</onclick>
                        </item>
                        <item id="6">
                            <description>Remove Path Button</description>
                            <label>1210</label>
                            <label2></label2>
                            <thumb>-</thumb>
                            <onclick>SendClick(129,14)</onclick>
                        </item>
                        <item id="3">
                            <description>Ok Button</description>
                            <label>186</label>
                            <label2></label2>
                            <thumb>-</thumb>
                            <onclick>SendClick(129,18)</onclick>
                        </item>
                        <item id="4">
                            <description>Cancel Button</description>
                            <label>222</label>
                            <label2></label2>
                            <thumb>-</thumb>
                            <onclick>SendClick(129,19)</onclick>
                        </item>
                    </content>
                </control>
            </control>
        </control>
        <!--buttons-->
        <control type="group">
            <visible>false</visible>
            <control type="button" id="11">
                <description>Browse Button</description>
            </control>
            <control type="button" id="13">
                <description>Add Path Button</description>
            </control>
            <control type="button" id="14">
                <description>Remove Path Button</description>
            </control>
            <control type="button" id="18">
                <description>Ok Button</description>
            </control>
            <control type="button" id="19">
                <description>Cancel Button</description>
            </control>
        </control>
        <!--debugging-->
        <include>DebugGrid</include>
        <control type="label">
            <include>DialogID</include>
            <label>DialogMediaSource.xml</label>
        </control>
    </controls>
</window>