<?xml version="1.0" encoding="UTF-8"?>
<fonts>
    <fontset id="default" unicode="true">
        <!--Source Sans Pro fontset-->
        <!--proportional font sizes for reference 6,8,9,10,11,12,14,18,24,30,36,48,60,72 -->
        <font>
            <name>veryLarge</name>
            <filename>sourceSansPro/black.ttf</filename>
            <size>195</size>
            <linespacing>0.8</linespacing>
        </font>
        <font>
            <name>large</name>
            <filename>sourceSansPro/regular.ttf</filename>
            <size>60</size>
            <linespacing>1.0</linespacing>
        </font>
        <font>
            <name>largeStrong</name>
            <filename>sourceSansPro/bold.ttf</filename>
            <size>60</size>
            <linespacing>0.8</linespacing>
        </font>
        <font>
            <name>largeLight</name>
            <filename>sourceSansPro/light.ttf</filename>
            <size>60</size>
            <linespacing>0.8</linespacing>
        </font>
        <font>
            <name>medium</name>
            <filename>sourceSansPro/regular.ttf</filename>
            <size>48</size>
            <linespacing>1.0</linespacing>
        </font>
        <font>
            <name>mediumStrong</name>
            <filename>sourceSansPro/bold.ttf</filename>
            <size>48</size>
            <linespacing>0.9</linespacing>
        </font>
        <font>
            <name>regular</name>
            <filename>sourceSansPro/regular.ttf</filename>
            <size>36</size>
            <linespacing>0.9</linespacing>
        </font>
        <font>
            <name>regularStrong</name>
            <filename>sourceSansPro/bold.ttf</filename>
            <size>36</size>
            <linespacing>0.9</linespacing>
        </font>
        <font>
            <name>regularSemibold</name>
            <filename>sourceSansPro/semibold.ttf</filename>
            <size>36</size>
            <linespacing>0.9</linespacing>
        </font>
        <font>
            <name>regularLight</name>
            <filename>sourceSansPro/light.ttf</filename>
            <size>36</size>
            <linespacing>1.0</linespacing>
        </font>
        <font>
            <name>small</name>
            <filename>sourceSansPro/regular.ttf</filename>
            <size>30</size>
            <linespacing>0.9</linespacing>
        </font>
        <font>
            <name>smallStrong</name>
            <filename>sourceSansProUPCASE/boldupcase.ttf</filename>
            <size>22</size>
            <linespacing>1.0</linespacing>
        </font>
        <font>
            <name>smallMedium</name>
            <filename>sourceSansPro/semibold.ttf</filename>
            <size>22</size>
            <linespacing>1.0</linespacing>
        </font>
        <!--element specific-->
        <font>
            <name>textboxExtraLeading</name>
            <filename>sourceSansPro/regular.ttf</filename>
            <size>30</size>
            <linespacing>1</linespacing>
        </font>
		<font>
            <name>pageTitle</name>
            <filename>sourceSansProUPCASE/blackupcase.ttf</filename>
            <size>48</size>
            <linespacing>1.0</linespacing>
            <aspect>0.8</aspect>
        </font>
        <font>
            <name>dialogTitle</name>
            <filename>sourceSansProUPCASE/blackupcase.ttf</filename>
            <size>60</size>
            <linespacing>1.0</linespacing>
            <aspect>0.8</aspect>
        </font>
        <font>
            <name>itemTitle</name>
            <filename>sourceSansPro/bold.ttf</filename>
            <size>36</size>
            <linespacing>1.0</linespacing>
            <aspect>0.8</aspect>
        </font>
        <font>
            <name>itemTitleSmall</name>
            <filename>sourceSansPro/bold.ttf</filename>
            <size>30</size>
            <linespacing>0.8</linespacing>
        </font>
        <font>
            <name>itemTitleSmallCondensed</name>
            <filename>sourceSansPro/bold.ttf</filename>
            <size>30</size>
            <linespacing>0.8</linespacing>
            <aspect>0.9</aspect>
        </font>
        <font>
            <name>menuTitle</name>
            <filename>sourceSansProUPCASE/blackupcase.ttf</filename>
            <size>28</size>
            <linespacing>1.0</linespacing>
            <aspect>0.8</aspect>
        </font>
        <font>
            <name>buttonTitle</name>
            <filename>sourceSansProUPCASE/boldupcase.ttf</filename>
            <size>24</size>
        </font>
        <font>
            <name>symbol</name>
            <filename>symbol.ttf</filename>
            <size>20</size>
            <style></style>
        </font>
        <font>
            <name>symbolSmall</name>
            <filename>symbol.ttf</filename>
            <size>14</size>
            <style></style>
        </font>
        <font>
            <name>symbolLarge</name>
            <filename>symbol.ttf</filename>
            <size>36</size>
            <style></style>
        </font>
        <font>
            <name>symbolVeryLarge</name>
            <filename>symbol.ttf</filename>
            <size>96</size>
            <style></style>
        </font>
		<font>
			<name>symbolWeather</name>
			<filename>weather.ttf</filename>
			<size>200</size>
		</font>
        <!-- Required for system -->
        <font>
            <name>font13</name>
            <filename>sourceSansPro/regular.ttf</filename>
            <size>30</size>
        </font>
    </fontset>
</fonts>