<?xml version="1.0" encoding="UTF-8"?>
<includes>
    <include file="Defaults.xml" />
    <include file="Includes_grid.xml" />
    <include file="Includes_variables.xml" />
    <include file="Includes_animations.xml" />
    <include file="Includes_animations.xml" />
    <include file="Includes_menuItems.xml" />
	<include file="Includes_sidebarItems.xml" />
	<include file="ViewsVideos.xml" />
    <include file="ViewsDialogs.xml" />
    <include file="ViewsPVR.xml" />
    <include file="ViewsMusic.xml" />
    <include file="ViewsPictures.xml" />
    <!--modal dialogs-->
    <include name="modalDialog">
        <control type="image">
            <include>dimensionsFullscreen</include>
            <texture>colors/black.png</texture>
            <colordiffuse>eeFFFFFF</colordiffuse>
            <aspectratio>stretch</aspectratio>
        </control>
        <control type="image">
            <include>dimensionsFullscreen</include>
            <texture>backgrounds/vignette.png</texture>
            <colordiffuse>ffffffff</colordiffuse>
            <aspectratio>stretch</aspectratio>
        </control>
    </include>
    <!--Global background-->
    <include name="globalBackground">
        <!--Preview window-->
		<control type="group">
			<visible>Player.HasVideo</visible>
			<control type="videowindow">
	            <include>dimensionsFullscreen</include>
	        </control>
			<control type="image">
	            <include>dimensionsFullscreen</include>
	            <texture>colors/black.png</texture>
	            <colordiffuse>77FFFFFF</colordiffuse>
	            <aspectratio>stretch</aspectratio>
	        </control>
		</control>
		<control type="group">
			<visible>!Player.HasVideo</visible>
            <control type="image">
                <include>dimensionsFullscreen</include>
                <texture>colors/black.png</texture>
                <colordiffuse>ffFFFFFF</colordiffuse>
                <aspectratio>stretch</aspectratio>
            </control>
            <!--default background-->
            <control type="image">
                <visible>!Skin.HasSetting(useGlobalFanartBackground) + isempty(skin.string(globalBackground))</visible>
                <include>dimensionsFullscreen</include>
                <texture>special://skin/extras/backgrounds/background001.jpg</texture>
                <colordiffuse>6affffff</colordiffuse>
                <aspectratio>stretch</aspectratio>
                <animation effect="fade" start="0" end="100" time="1000" condition="window.previous(home)">windowopen</animation>
            </control>
            <!--User setting: global background override-->
            <control type="image">
                <visible>!Skin.HasSetting(useGlobalFanartBackground) + !isempty(skin.string(globalBackground))</visible>
                <include>dimensionsFullscreen</include>
                <texture>$INFO[skin.string(globalBackground)]</texture>
                <colordiffuse>6Affffff</colordiffuse>
                <aspectratio>stretch</aspectratio>
                <animation effect="fade" start="0" end="100" time="1000" condition="window.previous(home)">windowopen</animation>
            </control>
            <!--User setting: rolling fanart slides-->
            <control type="multiimage">
                <visible>Skin.HasSetting(useGlobalFanartBackground) + !container.content(seasons) + !container.content(songs) + [!container.content(episodes) | Substring(Container.folderpath,plugin)]</visible>
                <posx>0</posx>
                <posy>0</posy>
                <include>dimensionsFullscreen</include>
                <imagepath>$VAR[fanartType]</imagepath>
                <timeperimage>25000</timeperimage>
                <fadetime>1000</fadetime>
                <pauseatend>10000</pauseatend>
                <randomize>true</randomize>
                <aspectratio>stretch</aspectratio>
                <colordiffuse>6affffff</colordiffuse>
                <animation type="windowopen">
                    <effect type="fade" start="0" end="100" time="500" delay="400" />
                </animation>
                <animation type="windowclose">
                    <effect type="fade" start="100" end="0" time="300" />
                </animation>
            </control>
            <!--show media fanart in relevant sections-->
            <control type="group">
                <visible>SubString(skin.string(showRecentVideoItems),false) + [container.content(movies) | container.content(tvshows) | container.content(seasons) | container.content(songs) | [container.content(episodes) + !Substring(Container.folderpath,iplayer)]]</visible>
                <animation type="visible" reversible="false">
                    <effect type="fade" start="0" end="100" time="500" delay="400" />
                </animation>
                <control type="image">
                    <include>dimensionsFullscreen</include>
                    <texture>colors/black.png</texture>
                    <colordiffuse>FFFFFFFF</colordiffuse>
                    <aspectratio>stretch</aspectratio>
                </control>
                <control type="image">
                    <include>dimensionsFullscreen</include>
                    <texture>$INFO[listitem.art(fanart)]</texture>
                    <colordiffuse>6affffff</colordiffuse>
                    <aspectratio>stretch</aspectratio>
                </control>
            </control>
            <control type="image">
                <include>dimensionsFullscreen</include>
                <texture>backgrounds/vignette.png</texture>
                <colordiffuse>ffffffff</colordiffuse>
                <aspectratio>stretch</aspectratio>
            </control>
            
        </control>
    </include>
    <!--date and time-->
    <include name="dateTime">
        <control type="group">
            <posx>0</posx>
            <control type="label">
                <posx>0</posx>
                <posy>0</posy>
                <width>24-col</width>
                <font>pageTitle</font>
                <label>$INFO[System.Time]</label>
                <textcolor>selected</textcolor>
            </control>
            <control type="label">
                <posx>0</posx>
                <posy>45</posy>
                <width>24-col</width>
                <font>regular</font>
                <label>$INFO[System.Date(mmm d)]</label>
                <textcolor>selected</textcolor>
            </control>
        </control>
    </include>
	<!--busy indicator-->
	<include name="loadingIndicator">
		<control type="group">
	        <visible>!IntegerGreaterThan(container.numitems,0) | window.isvisible(busydialog)</visible>
	        <posx>0</posx>
	        <posy>0</posy>
	        <!--animations-->
	        <animation type="visible">
				<effect type="fade" start="0" end="100" time="400" />
			</animation>
			<animation type="hidden">
				<effect type="fade" start="100" end="0" time="200" />
			</animation>	
	        <control type="image">
	            <include>dimensionsFullscreen</include>
	            <texture>colors/black.png</texture>
	            <colordiffuse>77FFFFFF</colordiffuse>
	            <aspectratio>stretch</aspectratio>
	        </control>
	        <control type="image">
	            <include>dimensionsFullscreen</include>
	            <texture>backgrounds/vignette.png</texture>
	            <colordiffuse>ffffffff</colordiffuse>
	            <aspectratio>stretch</aspectratio>
	        </control>
			<control type="image">
	            <description>Busy animation</description>
	            <posx>12-col</posx>
	            <posy>row-8-begin</posy>
	            <width>3-col-gutter</width>
	            <height>3-col-gutter</height>
	            <texture>UIControls/busy.png</texture>
	            <aspectratio>keep</aspectratio>
				<colordiffuse>77ffffff</colordiffuse>
	            <animation effect="rotate" start="0" end="-360" center="auto" time="1200" loop="true" condition="true">conditional</animation>
	        </control>
	    </control>
	</include>
	<!--footer for media lists-->
	<include name="mediaListFooter">
		<control type="grouplist">
            <posx>0</posx>
            <posy>-6</posy>
            <width>20-col</width>
            <height>1-row</height>
            <itemgap>6</itemgap>
            <onleft>50</onleft>
            <onright>50</onright>
            <onup>9999</onup>
            <ondown>9999</ondown>
            <orientation>horizontal</orientation>
            <control type="label">
                <width>auto</width>
                <font>symbol</font>
                <textcolor>selected</textcolor>
                <label></label>
            </control>
            <control type="label">
                <width>auto</width>
                <font>buttonTitle</font>
                <textcolor>selected</textcolor>
                <label>$LOCALIZE[31038] $INFO[container.currentpage] / $INFO[container.numpages]</label>
            </control>
			<control type="label">
                <visible>System.Setting(hidewatched)</visible>
                <width>auto</width>
                <font>symbol</font>
                <textcolor>selected</textcolor>
                <label>     </label>
            </control>
            <control type="label">
                <visible>System.Setting(hidewatched)</visible>
                <width>auto</width>
                <font>buttonTitle</font>
                <label>$LOCALIZE[31118]</label>
                <textcolor>selected</textcolor>
            </control>
            <control type="label">
                <visible>!isempty(ListItem.audiocodec)</visible>
                <width>auto</width>
                <font>symbol</font>
                <textcolor>selected</textcolor>
                <label>     </label>
            </control>
            <control type="label">
                <visible>!isempty(ListItem.audiocodec)</visible>
                <width>auto</width>
                <font>buttonTitle</font>
                <textcolor>selected</textcolor>
                <label>$INFO[ListItem.audiocodec]</label>
            </control>
            <control type="label">
                <visible>!isempty(ListItem.FileName)</visible>
                <width>auto</width>
                <font>symbol</font>
                <textcolor>selected</textcolor>
                <label>     </label>
            </control>
            <control type="label">
                <visible>!isempty(ListItem.FileName)</visible>
                <width>auto</width>
                <font>buttonTitle</font>
                <textcolor>selected</textcolor>
                <label>$INFO[ListItem.FileName]</label>
            </control>
        </control>
	</include>
    <!--debugging-->
    <include name="DialogID">
        <posx>15</posx>
        <posy>15</posy>
        <width>fullscreenwidth</width>
        <height>1-row</height>
        <font>smallStrong</font>
        <textcolor>selected</textcolor>
        <align>left</align>
        <visible>Skin.HasSetting(DebugInfo)</visible>
    </include>
    <include name="WindowID">
        <posx>15</posx>
        <posy>15</posy>
        <width>fullscreenwidth</width>
        <height>1-row</height>
        <font>smallStrong</font>
        <textcolor>selected</textcolor>
        <align>left</align>
        <visible>Skin.HasSetting(DebugInfo)</visible>
    </include>
    <include name="DebugGrid">
        <control type="image">
            <include>dimensionsFullscreen</include>
            <texture>debuggrid1080.png</texture>
            <colordiffuse>77FFFFFF</colordiffuse>
            <visible>Skin.HasSetting(DebugGrid)</visible>
        </control>
    </include>
</includes>