<?xml version="1.0" encoding="UTF-8"?>
<window>
	<!--content moved to custom_musicPlayerFullscreen.xml-->
	<onload condition="!window.isactive(5001)">back</onload>
	<onload>sendclick(10120,500)</onload>
	<onload>back</onload>
    <controls>	
    	<!--buttons-->
        <control type="group">
            <visible>false</visible>
            <control type="button" id="500">
                <description>Select visualisation</description>
            </control>
        </control>
    </controls>
</window>
