<?xml version="1.0" encoding="UTF-8"?>
<window>
    <defaultcontrol always="false">9000</defaultcontrol>
    <allowoverlay>yes</allowoverlay>
    <onload condition="window.previous(0)">setfocus(9000)</onload>
	<previouswindow>home</previouswindow>
    <controls>
        <include>globalBackground</include>
        <!--page container group-->
        <control type="group">
            <!--window fader-->
            <animation type="conditional" condition="window.next(0) | window.next(1)">
                <effect type="fade" start="100" end="0" time="300" />
            </animation>
            <!--shift page for certain modal dialogs-->
            <include>modalDialogContentShift</include>
            <!--content provider-->
            <control type="group">
                <posx>0</posx>
                <posy>0</posy>
                <!--main menu-->
                <control type="group">
                    <posx>col-1-begin</posx>
                    <posy>row-2-begin</posy>
                    <include>dateTime</include>
                    <include>menuItems</include>
                </control>
                <!--Folder titles-->
                <control type="group">
                    <posx>col-4-begin</posx>
                    <posy>row-2-begin</posy>
                    <animation type="Conditional" condition="!IntegerGreaterThan(container.numitems,0) + !isEmpty(Window(Home).Property(RecentAlbum.1.Title))">
                        <effect type="fade" start="100" end="0" time="300" />
                    </animation>
                    <animation type="Conditional" condition="IntegerGreaterThan(container.numitems,0) + !isEmpty(Window(Home).Property(RecentAlbum.1.Title))">
                        <effect type="fade" start="0" end="100" time="300" />
                    </animation>
                    <!--source title-->
                    <control type="label">
                        <posx>0</posx>
                        <posy>0</posy>
                        <width>18-col</width>
                        <font>pageTitle</font>
                        <label>$VAR[listTitle]</label>
                        <textcolor>selected</textcolor>
                    </control>
                    <!--source subtitle-->
                    <control type="label">
                        <posx>0</posx>
                        <posy>45</posy>
                        <width>24-col</width>
                        <font>regular</font>
                        <label>$VAR[listSubTitle]</label>
                        <textcolor>selected</textcolor>
                    </control>
                </control>
                <!--Main content listing-->
                <control type="group" id="9999">
                    <posx>col-4-begin</posx>
                    <posy>row-2-begin</posy>
                    <animation type="windowopen">
                        <include>listSlideIn</include>
                    </animation>
                    <animation type="windowclose">
                        <effect type="fade" start="100" end="0" time="300" delay="300" />
                    </animation>
                    <!--recent items-->
                    <control type="group">
                        <visible>SubString(skin.string(showRecentMusicItems),true)</visible>
                        <posx>0</posx>
                        <posy>183</posy>
                        <onleft>9000</onleft>
                        <animation type="conditional" condition="window.Next(0)">
                            <effect type="fade" start="100" end="0" time="300" delay="300" />
                        </animation>
                        <animation type="windowclose">
                            <effect type="fade" start="100" end="0" time="300" />
                        </animation>
                        <!--no recent items-->
                        <control type="label">
                            <visible>isEmpty(Window(Home).Property(RecentAlbum.1.Title))</visible>
                            <posx>1-col</posx>
                            <posy>4-row</posy>
                            <width>21-col</width>
                            <font>veryLarge</font>
                            <textcolor>22FFFFFF</textcolor>
                            <shadowcolor>-</shadowcolor>
                            <label>31007</label>
                        </control>
                        <!--content-->
                        <control type="panel" id="9998">
                            <visible>!isEmpty(Window(Home).Property(RecentAlbum.1.Title))</visible>
                            <posx>-12</posx>
                            <posy>0</posy>
                            <width>22-col</width>
                            <height>13-row</height>
                            <onleft>9000</onleft>
                            <itemlayout width="312" height="366">
                                <control type="image">
                                    <posx>0</posx>
                                    <posy>0</posy>
                                    <width>276</width>
                                    <height>273</height>
                                    <aspectratio>stretch</aspectratio>
                                    <texture fallback="colors/black.png" border="0">$INFO[Listitem.thumb]</texture>
                                    <bordertexture border="0">-</bordertexture>
                                    <colordiffuse>ffFFFFFF</colordiffuse>
                                </control>
                                <control type="image">
                                    <posx>0</posx>
                                    <posy>0</posy>
                                    <width>276</width>
                                    <height>273</height>
                                    <texture>backgrounds/vignette.png</texture>
                                    <colordiffuse>ddffffff</colordiffuse>
                                    <aspectratio>stretch</aspectratio>
                                </control>
                                <control type="group">
                                    <posx>0</posx>
                                    <posy>276</posy>
                                    <control type="image">
                                        <posx>0</posx>
                                        <posy>0</posy>
                                        <width>276</width>
                                        <height>64</height>
                                        <aspectratio>stretch</aspectratio>
                                        <texture>colors/black.png</texture>
                                        <bordersize>0</bordersize>
                                        <colordiffuse>77FFFFFF</colordiffuse>
                                    </control>
                                    <control type="label">
                                        <posx>12</posx>
                                        <posy>-8</posy>
                                        <width>252</width>
                                        <font>itemTitleSmallCondensed</font>
                                        <textcolor>selected</textcolor>
                                        <label>$INFO[ListItem.Label]</label>
                                    </control>
                                    <control type="label">
                                        <posx>12</posx>
                                        <posy>18</posy>
                                        <width>252</width>
                                        <font>smallMedium</font>
                                        <textcolor>selected</textcolor>
                                        <label>$INFO[ListItem.Label2]</label>
                                    </control>
                                </control>
                            </itemlayout>
                            <focusedlayout width="312" height="366">
                                <control type="image">
                                    <posx>0</posx>
                                    <posy>0</posy>
                                    <width>276</width>
                                    <height>273</height>
                                    <aspectratio>stretch</aspectratio>
                                    <texture fallback="colors/black.png" border="0">$INFO[Listitem.thumb]</texture>
                                    <bordertexture border="0">-</bordertexture>
                                    <colordiffuse>ffFFFFFF</colordiffuse>
                                </control>
                                <control type="image">
                                    <posx>0</posx>
                                    <posy>0</posy>
                                    <width>276</width>
                                    <height>273</height>
                                    <texture>backgrounds/vignette.png</texture>
                                    <colordiffuse>ffffffff</colordiffuse>
                                    <aspectratio>stretch</aspectratio>
                                    <animation effect="fade" start="0" end="100" time="500" reversible="false">focus</animation>
                                </control>
                                <control type="group">
                                    <posx>0</posx>
                                    <posy>276</posy>
                                    <control type="image">
                                        <posx>0</posx>
                                        <posy>0</posy>
                                        <width>276</width>
                                        <height>64</height>
                                        <aspectratio>stretch</aspectratio>
                                        <texture>colors/selected.png</texture>
                                        <bordersize>0</bordersize>
                                        <colordiffuse>ffFFFFFF</colordiffuse>
                                    </control>
                                    <control type="label">
                                        <posx>12</posx>
                                        <posy>-8</posy>
                                        <width>252</width>
                                        <font>itemTitleSmallCondensed</font>
                                        <scroll>true</scroll>
                                        <textcolor>black</textcolor>
                                        <shadowcolor>-</shadowcolor>
                                        <label>$INFO[ListItem.Label]</label>
                                    </control>
                                    <control type="label">
                                        <posx>12</posx>
                                        <posy>18</posy>
                                        <width>252</width>
                                        <font>smallMedium</font>
                                        <textcolor>black</textcolor>
                                        <shadowcolor>-</shadowcolor>
                                        <label>$INFO[ListItem.Label2]</label>
                                    </control>
                                </control>
                            </focusedlayout>
                            <content>
                                <item id="1">
                                    <label>$INFO[Window(Home).Property(RecentAlbum.1.Title)]</label>
                                    <label2>$INFO[Window(Home).Property(RecentAlbum.1.Artist)] $INFO[Window(Home).Property(RecentAlbum.1.Year),• ,]</label2>
                                    <thumb>$INFO[Window(Home).Property(RecentAlbum.1.thumb)]</thumb>
                                    <onclick>$INFO[Window(Home).Property(RecentAlbum.1.Play)]</onclick>
                                </item>
                                <item id="2">
                                    <visible>!isempty(Window(Home).Property(RecentAlbum.2.Title))</visible>
                                    <label>$INFO[Window(Home).Property(RecentAlbum.2.Title)]</label>
                                    <label2>$INFO[Window(Home).Property(RecentAlbum.2.Artist)] $INFO[Window(Home).Property(RecentAlbum.2.Year),• ,]</label2>
                                    <thumb>$INFO[Window(Home).Property(RecentAlbum.2.thumb)]</thumb>
                                    <onclick>$INFO[Window(Home).Property(RecentAlbum.2.Play)]</onclick>
                                </item>
                                <item id="3">
                                    <visible>!isempty(Window(Home).Property(RecentAlbum.3.Title))</visible>
                                    <label>$INFO[Window(Home).Property(RecentAlbum.3.Title)]</label>
                                    <label2>$INFO[Window(Home).Property(RecentAlbum.3.Artist)] $INFO[Window(Home).Property(RecentAlbum.3.Year),• ,]</label2>
                                    <thumb>$INFO[Window(Home).Property(RecentAlbum.3.thumb)]</thumb>
                                    <onclick>$INFO[Window(Home).Property(RecentAlbum.3.Play)]</onclick>
                                </item>
                                <item id="4">
                                    <visible>!isempty(Window(Home).Property(RecentAlbum.4.Title))</visible>
                                    <label>$INFO[Window(Home).Property(RecentAlbum.4.Title)]</label>
                                    <label2>$INFO[Window(Home).Property(RecentAlbum.4.Artist)] $INFO[Window(Home).Property(RecentAlbum.4.Year),• ,]</label2>
                                    <thumb>$INFO[Window(Home).Property(RecentAlbum.4.thumb)]</thumb>
                                    <onclick>$INFO[Window(Home).Property(RecentAlbum.4.Play)]</onclick>
                                </item>
                                <item id="5">
                                    <visible>!isempty(Window(Home).Property(RecentAlbum.5.Title))</visible>
                                    <label>$INFO[Window(Home).Property(RecentAlbum.5.Title)]</label>
                                    <label2>$INFO[Window(Home).Property(RecentAlbum.5.Artist)] $INFO[Window(Home).Property(RecentAlbum.5.Year),• ,]</label2>
                                    <thumb>$INFO[Window(Home).Property(RecentAlbum.5.thumb)]</thumb>
                                    <onclick>$INFO[Window(Home).Property(RecentAlbum.5.Play)]</onclick>
                                </item>
                                <item id="6">
                                    <visible>!isempty(Window(Home).Property(RecentAlbum.6.Title))</visible>
                                    <label>$INFO[Window(Home).Property(RecentAlbum.6.Title)]</label>
                                    <label2>$INFO[Window(Home).Property(RecentAlbum.6.Artist)] $INFO[Window(Home).Property(RecentAlbum.6.Year),• ,]</label2>
                                    <thumb>$INFO[Window(Home).Property(RecentAlbum.6.thumb)]</thumb>
                                    <onclick>$INFO[Window(Home).Property(RecentAlbum.6.Play)]</onclick>
                                </item>
                                <item id="7">
                                    <visible>!isempty(Window(Home).Property(RecentAlbum.7.Title))</visible>
                                    <label>$INFO[Window(Home).Property(RecentAlbum.7.Title)]</label>
                                    <label2>$INFO[Window(Home).Property(RecentAlbum.7.Artist)] $INFO[Window(Home).Property(RecentAlbum.7.Year),• ,]</label2>
                                    <thumb>$INFO[Window(Home).Property(RecentAlbum.7.thumb)]</thumb>
                                    <onclick>$INFO[Window(Home).Property(RecentAlbum.7.Play)]</onclick>
                                </item>
                                <item id="8">
                                    <visible>!isempty(Window(Home).Property(RecentAlbum.8.Title))</visible>
                                    <label>$INFO[Window(Home).Property(RecentAlbum.8.Title)]</label>
                                    <label2>$INFO[Window(Home).Property(RecentAlbum.8.Artist)] $INFO[Window(Home).Property(RecentAlbum.8.Year),• ,]</label2>
                                    <thumb>$INFO[Window(Home).Property(RecentAlbum.8.thumb)]</thumb>
                                    <onclick>$INFO[Window(Home).Property(RecentAlbum.8.Play)]</onclick>
                                </item>
                                <item id="9">
                                    <visible>!isempty(Window(Home).Property(RecentAlbum.9.Title))</visible>
                                    <label>$INFO[Window(Home).Property(RecentAlbum.9.Title)]</label>
                                    <label2>$INFO[Window(Home).Property(RecentAlbum.9.Artist)] $INFO[Window(Home).Property(RecentAlbum.9.Year),• ,]</label2>
                                    <thumb>$INFO[Window(Home).Property(RecentAlbum.9.thumb)]</thumb>
                                    <onclick>$INFO[Window(Home).Property(RecentAlbum.9.Play)]</onclick>
                                </item>
                                <item id="10">
                                    <visible>!isempty(Window(Home).Property(RecentAlbum.10.Title))</visible>
                                    <label>$INFO[Window(Home).Property(RecentAlbum.10.Title)]</label>
                                    <label2>$INFO[Window(Home).Property(RecentAlbum.10.Artist)] $INFO[Window(Home).Property(RecentAlbum.10.Year),• ,]</label2>
                                    <thumb>$INFO[Window(Home).Property(RecentAlbum.10.thumb)]</thumb>
                                    <onclick>$INFO[Window(Home).Property(RecentAlbum.10.Play)]</onclick>
                                </item>
                            </content>
                        </control>
                    </control>
                    <!--source content-->
                    <control type="group" id="9500">
                        <visible>SubString(skin.string(showRecentMusicItems),false)</visible>
                        <include>viewMusicList</include>
                        <include>viewArtistList</include>
                        <include>viewSongList</include>
                        <include>viewMusicGrid</include>
                    </control>
                </control>
                <!--page scrollbar-->
                <control type="group" id="8000">
                    <visible>Control.IsVisible(60)</visible>
                    <animation effect="fade" start="100" end="0" time="100" condition="!controlgroup(8000).hasfocus">conditional</animation>
                    <control type="scrollbar" id="60">
                        <posx>108r</posx>
                        <posy>276</posy>
                        <height>672</height>
                        <onleft>9999</onleft>
                    </control>
                </control>
                <!--Sort / misc labels (footer)-->
                <control type="group">
                    <visible>SubString(skin.string(showRecentMusicItems),false)</visible>
                    <posx>col-4-begin</posx>
                    <posy>row-18-begin</posy>
					<include>mediaListFooter</include>
                </control>
            </control>
        </control>
        <!--sorting and misc controls-->
        <control type="group" id="61">
            <!--animations-->
            <animation type="Conditional" condition="!controlgroup(61).hasfocus">
                <effect type="fade" start="100" end="0" time="200" />
            </animation>
            <animation type="Conditional" condition="controlgroup(61).hasfocus">
                <effect type="fade" start="0" end="100" time="200" />
            </animation>
            <animation type="conditional" condition="window.next(1)">
                <effect type="fade" start="100" end="0" time="300" />
            </animation>
            <!--overlay-->
            <control type="image">
                <include>dimensionsFullscreen</include>
                <texture>backgrounds/vignette.png</texture>
                <colordiffuse>ffffffff</colordiffuse>
                <aspectratio>stretch</aspectratio>
            </control>
            <!--titles-->
            <control type="group">
                <posx>24</posx>
                <posy>111</posy>
                <animation type="Conditional" condition="controlgroup(62).hasfocus">
                    <effect type="fade" start="0" end="100" time="300" />
                    <effect type="slide" start="-100" end="0" tween="sine" easing="out" time="400" />
                </animation>
                <animation type="Conditional" condition="!controlgroup(62).hasfocus | Window.IsActive(5000)">
                    <effect type="fade" start="100" end="0" time="300" />
                    <effect type="slide" start="0" end="-100" tween="sine" easing="out" time="400" />
                </animation>
                <control type="image">
                    <posx>-96</posx>
                    <posy>-111</posy>
                    <width>col-5-begin</width>
                    <height>fullscreenHeight</height>
                    <aspectratio>stretch</aspectratio>
                    <texture>colors/selected.png</texture>
                    <colordiffuse>ffffffff</colordiffuse>
                    <bordersize>0</bordersize>
                </control>
                <control type="label">
                    <posx>0</posx>
                    <posy>0</posy>
                    <width>14-col</width>
                    <font>pageTitle</font>
                    <label>249</label>
                    <textcolor>black</textcolor>
                    <shadowcolor>-</shadowcolor>
                </control>
                <control type="label">
                    <posx>0</posx>
                    <posy>45</posy>
                    <width>24-col</width>
                    <font>regular</font>
                    <label>33063</label>
                    <textcolor>black</textcolor>
                    <shadowcolor>-</shadowcolor>
                </control>
                <!--menu-->
                <include>sideBarMenuItems</include>
            </control>
        </control>
		<!--loading indicator-->
        <include>loadingIndicator</include>
        <!--debugging-->
        <include>DebugGrid</include>
        <control type="label">
            <include>WindowID</include>
            <label>MyMusicNav.xml</label>
        </control>
    </controls>
</window>