<?xml version="1.0" encoding="UTF-8"?>
<window>
    <defaultcontrol always="true">9000</defaultcontrol>
    <allowoverlay>yes</allowoverlay>
    <onload condition="Skin.hassetting(stopVideoOnMenu) + !Player.HasAudio">PlayerControl(stop)</onload>
	<previouswindow>home</previouswindow>
    <controls>
        <include>globalBackground</include>
        <!--page container group-->
        <control type="group">
            <!--window fader-->
            <animation type="conditional" condition="window.next(0) | window.next(1)">
                <effect type="fade" start="100" end="0" time="300" />
            </animation>
            <!--shift page for certain modal dialogs-->
            <include>modalDialogContentShift</include>
            <!--content provider-->
            <control type="group">
                <posx>0</posx>
                <posy>0</posy>
                <!--main menu-->
                <control type="group">
                    <posx>col-1-begin</posx>
                    <posy>row-2-begin</posy>
                    <include>dateTime</include>
                    <control type="list" id="9000">
                        <posx>0</posx>
                        <posy>180</posy>
                        <width>3-col</width>
                        <height>12-row</height>
                        <orientation>vertical</orientation>
                        <onleft>61</onleft>
                        <onright>9999</onright>
                        <ondown>9000</ondown>
                        <itemlayout width="4-col" height="43">
                            <control type="label">
                                <posx>0</posx>
                                <posy>0</posy>
                                <width>3-col-gutter</width>
                                <font>menuTitle</font>
                                <info>ListItem.Label</info>
                                <textcolor>unselected</textcolor>
                            </control>
                        </itemlayout>
                        <focusedlayout width="4-col" height="43">
                            <control type="label">
                                <visible>Control.HasFocus(9000)</visible>
                                <posx>0</posx>
                                <posy>0</posy>
                                <width>3-col-gutter</width>
                                <font>menuTitle</font>
                                <label>$INFO[ListItem.Label]</label>
                                <textcolor>selected</textcolor>
                            </control>
                            <control type="label">
                                <visible>!Control.HasFocus(9000)</visible>
                                <posx>0</posx>
                                <posy>0</posy>
                                <width>3-col-gutter</width>
                                <font>menuTitle</font>
                                <label>$INFO[ListItem.Label]</label>
                                <textcolor>unselected</textcolor>
                            </control>
                        </focusedlayout>
                        <!--<content target="pictures">addons://sources/image/</content>-->
						<content target="pictures">sources://pictures/</content>
                    </control>
                </control>
                <!--Folder titles-->
                <control type="group">
                    <posx>col-4-begin</posx>
                    <posy>row-2-begin</posy>
                    <!--source title-->
                    <control type="label">
                        <visible>IntegerGreaterThan(container.Numitems,0)</visible>
                        <posx>0</posx>
                        <posy>0</posy>
                        <width>14-col</width>
                        <font>pageTitle</font>
                        <label>31056</label>
                        <textcolor>selected</textcolor>
                    </control>
                    <!--source subtitle-->
                    <control type="label">
                        <visible>IntegerGreaterThan(container.Numitems,0) + Container.HasFolders</visible>
                        <posx>0</posx>
                        <posy>45</posy>
                        <width>24-col</width>
                        <font>regular</font>
                        <label>$INFO[container.Numitems,, $LOCALIZE[31037]]</label>
                        <textcolor>selected</textcolor>
                    </control>
                    <control type="label">
                        <visible>IntegerGreaterThan(container.Numitems,0) + !Container.HasFolders</visible>
                        <posx>0</posx>
                        <posy>45</posy>
                        <width>24-col</width>
                        <font>regular</font>
                        <label>$INFO[container.Numitems,, $LOCALIZE[31050]]$INFO[container.foldername, - ,]</label>
                        <textcolor>selected</textcolor>
                    </control>
                </control>
                <!--Main content listing-->
                <control type="group" id="9999">
                    <posx>col-4-begin</posx>
                    <posy>row-5-begin</posy>
                    <!--source content-->
                    <control type="group">
                        <include>viewPictureGrid</include>
                    </control>
                </control>
                <!--page scrollbar-->
                <control type="group" id="8000">
                    <visible>Control.IsVisible(60)</visible>
                    <animation effect="fade" start="100" end="0" time="100" condition="!controlgroup(8000).hasfocus">conditional</animation>
                    <control type="scrollbar" id="60">
                        <posx>108r</posx>
                        <posy>276</posy>
                        <height>672</height>
                        <onleft>9999</onleft>
                    </control>
                </control>
                <!--Sort / misc labels (footer)-->
                <control type="group">
                    <posx>col-4-begin</posx>
                    <posy>row-18-begin</posy>
                    <include>mediaListFooter</include>
                </control>
            </control>
        </control>
        <!--sorting and misc controls-->
        <control type="group" id="61">
            <!--animations-->
            <animation type="Conditional" condition="!controlgroup(61).hasfocus">
                <effect type="fade" start="100" end="0" time="200" />
            </animation>
            <animation type="Conditional" condition="controlgroup(61).hasfocus">
                <effect type="fade" start="0" end="100" time="200" />
            </animation>
            <animation type="conditional" condition="window.next(1)">
                <effect type="fade" start="100" end="0" time="300" />
            </animation>
            <!--overlay-->
            <control type="image">
                <include>dimensionsFullscreen</include>
                <texture>backgrounds/vignette.png</texture>
                <colordiffuse>ffffffff</colordiffuse>
                <aspectratio>stretch</aspectratio>
            </control>
            <!--titles-->
            <control type="group">
                <posx>24</posx>
                <posy>111</posy>
                <animation type="Conditional" condition="controlgroup(62).hasfocus">
                    <effect type="fade" start="0" end="100" time="300" />
                    <effect type="slide" start="-200" end="0" tween="sine" easing="out" time="400" />
                </animation>
                <animation type="Conditional" condition="!controlgroup(62).hasfocus">
                    <effect type="fade" start="100" end="0" time="300" />
                    <effect type="slide" start="0" end="-200" tween="sine" easing="out" time="400" />
                </animation>
                <control type="image">
                    <posx>-96</posx>
                    <posy>-111</posy>
                    <width>col-5-begin</width>
                    <height>fullscreenHeight</height>
                    <aspectratio>stretch</aspectratio>
                    <texture>colors/selected.png</texture>
                    <colordiffuse>ffffffff</colordiffuse>
                    <bordersize>0</bordersize>
                </control>
                <control type="label">
                    <posx>0</posx>
                    <posy>0</posy>
                    <width>14-col</width>
                    <font>pageTitle</font>
                    <label>1</label>
                    <textcolor>black</textcolor>
                    <shadowcolor>-</shadowcolor>
                </control>
                <control type="label">
                    <posx>0</posx>
                    <posy>45</posy>
                    <width>24-col</width>
                    <font>regular</font>
                    <label>33063</label>
                    <textcolor>black</textcolor>
                    <shadowcolor>-</shadowcolor>
                </control>
                <!--menu-->
                <include>sideBarMenuItems</include>
            </control>
        </control>
        <!--debug-->
        <include>DebugGrid</include>
        <control type="label">
            <include>WindowID</include>
            <label>MyPics.xml</label>
        </control>
    </controls>
</window>