<?xml version="1.0" encoding="UTF-8"?>
<window>
    <defaultcontrol always="false">9000</defaultcontrol>
    <allowoverlay>no</allowoverlay>
    <onload condition="Skin.hassetting(stopVideoOnMenu) + !Player.HasAudio">PlayerControl(stop)</onload>
	<onunload>Skin.SetString(showRecentVideoItems,true)</onunload>
	<previouswindow>home</previouswindow>
    <controls>        		
		<include>globalBackground</include>
        <!--page container group-->
        <control type="group">
            <!--window fader-->
            <animation type="conditional" condition="window.next(0) | window.next(1)">
                <effect type="fade" start="100" end="0" time="300" />
            </animation>
            <!--shift page for certain modal dialogs-->
            <include>modalDialogContentShift</include>
            <!--content provider-->
            <control type="group">
                <posx>0</posx>
                <posy>0</posy>
                <!--main menu-->
                <control type="group" id="8000">
					<posx>col-1-begin</posx>
				    <posy>row-2-begin</posy>
				    <include>dateTime</include>
					<include>menuItems</include>
                </control>
                <!--Folder titles-->
                <control type="group">
                    <posx>col-4-begin</posx>
                    <posy>row-2-begin</posy>
                    <animation type="Conditional" condition="!IntegerGreaterThan(container.numitems,0)">
                        <effect type="fade" start="100" end="0" time="300" />
                    </animation>
                    <animation type="Conditional" condition="IntegerGreaterThan(container.numitems,0)">
                        <effect type="fade" start="0" end="100" time="300" />
                    </animation>
                    <!--source title-->
                    <control type="label">
                        <posx>0</posx>
                        <posy>0</posy>
                        <width>14-col</width>
                        <font>pageTitle</font>
                        <label>$VAR[listTitle]</label>
                        <textcolor>selected</textcolor>
                    </control>
                    <control type="label">
                        <posx>0</posx>
                        <posy>45</posy>
                        <width>14-col</width>
                        <font>regular</font>
                        <label>$INFO[control.getlabel(30),, • ]$INFO[Pvr.BackendChannels] $LOCALIZE[31017]</label>
                        <textcolor>selected</textcolor>
                    </control>
                    <control type="label" id="30">
                        <description>Empty so we can pass the values up one level</description>
                        <visible>False</visible>
                    </control>
                </control>
				<!--Main content listing-->
                <control type="group" id="9999">
                    <posx>col-4-begin</posx>
                    <posy>270</posy>
                    <!--animations-->
                    <animation type="windowopen">
                        <include>listSlideIn</include>
                    </animation>
                    <include>EPGTimelineView</include>
                    <include>LiveTVChannelView</include>
					<include>LiveRadioChannelView</include>
                    <include>LiveTVRecordingsView</include>
                    <include>LiveTVTimersView</include>
                </control>
                <!--page scrollbar-->
                <control type="group" id="9400">
                    <visible>Control.IsVisible(60)</visible>
                    <animation effect="fade" start="100" end="0" time="100" condition="!controlgroup(9400).hasfocus">conditional</animation>
                    <control type="scrollbar" id="60">
                        <posx>108r</posx>
                        <posy>276</posy>
                        <height>672</height>
                        <onleft>9999</onleft>
                    </control>
                </control>
                <!--Sort / misc labels (footer)-->
                <control type="group">
                    <posx>col-4-begin</posx>
                    <posy>row-18-begin</posy>
                    <include>mediaListFooter</include>
				</control>
            </control>
        </control>
        <!--sorting and misc controls-->
        <control type="group" id="61">
            <!--animations-->
            <animation type="Conditional" condition="!controlgroup(61).hasfocus">
                <effect type="fade" start="100" end="0" time="200" />
            </animation>
            <animation type="Conditional" condition="controlgroup(61).hasfocus">
                <effect type="fade" start="0" end="100" time="200" />
            </animation>
            <!--overlay-->
            <control type="image">
                <include>dimensionsFullscreen</include>
                <texture>backgrounds/vignette.png</texture>
                <colordiffuse>ffffffff</colordiffuse>
                <aspectratio>stretch</aspectratio>
            </control>
            <!--Options-->
            <control type="group">
				<posx>24</posx>
                <posy>111</posy>
                <animation type="Conditional" condition="controlgroup(62).hasfocus">
                    <effect type="fade" start="0" end="100" time="300" />
                    <effect type="slide" start="-100" end="0" tween="sine" easing="out" time="400" />
                </animation>
                <animation type="Conditional" condition="!controlgroup(62).hasfocus | Window.IsActive(5000)">
                    <effect type="fade" start="100" end="0" time="300" />
                    <effect type="slide" start="0" end="-100" tween="sine" easing="out" time="400" />
                </animation>
                <control type="image">
                    <posx>-96</posx>
                    <posy>-111</posy>
                    <width>col-5-begin</width>
                    <height>fullscreenHeight</height>
                    <aspectratio>stretch</aspectratio>
                    <texture>colors/selected.png</texture>
                    <colordiffuse>ffffffff</colordiffuse>
                    <bordersize>0</bordersize>
                </control>
                <control type="label">
					<visible>!control.isvisible(12)</visible>
                    <posx>0</posx>
                    <posy>0</posy>
                    <width>14-col</width>
                    <font>pageTitle</font>
                    <label>10006</label>
                    <textcolor>black</textcolor>
                    <shadowcolor>-</shadowcolor>
                </control>
				<control type="label">
					<visible>control.isvisible(12)</visible>
                    <posx>0</posx>
                    <posy>0</posy>
                    <width>14-col</width>
                    <font>pageTitle</font>
                    <label>249</label>
                    <textcolor>black</textcolor>
                    <shadowcolor>-</shadowcolor>
                </control>
                <control type="label">
                    <posx>0</posx>
                    <posy>45</posy>
                    <width>24-col</width>
                    <font>regular</font>
                    <label>33063</label>
                    <textcolor>black</textcolor>
                    <shadowcolor>-</shadowcolor>
                </control>
                <!--menu-->
                <include>sideBarMenuItems</include>
            </control>
        </control>
        <!--PVR options buttons (hidden)-->
        <control type="group">
            <visible>false</visible>
            <control type="button" id="32">
                <description>TV Channels</description>
            </control>
            <control type="button" id="33">
                <description>Radio Channels</description>
            </control>
            <control type="button" id="31">
                <description>TV Guide</description>
            </control>
            <control type="button" id="34">
                <description>Recordings</description>
            </control>
            <control type="button" id="35">
                <description>Timers</description>
            </control>
            <control type="button" id="36">
                <description>Search</description>
            </control>
        </control>
		<!--loading indicator-->
        <include>loadingIndicator</include>
        <!--debugging-->
        <include>DebugGrid</include>
        <control type="label">
            <include>DialogID</include>
            <label>MyPVR.xml</label>
        </control>
    </controls>
</window>