<?xml version="1.0" encoding="UTF-8"?>
<window>
    <defaultcontrol>-</defaultcontrol>
    <controls>
        <!--hidden container control-->
        <control type="list" id="100">
            <posx>-10</posx>
            <posy>-10</posy>
            <width>1</width>
            <height>1</height>
            <visible>false</visible>
            <itemlayout width="1" height="1" />
            <focusedlayout width="1" height="1" />
        </control>
        <control type="group" id="101">
            <visible>false</visible>
            <control type="list" id="110"></control>
            <!--movies-->
            <control type="list" id="120"></control>
            <!--tvshows-->
            <control type="list" id="130"></control>
            <!--seasons-->
            <control type="list" id="140"></control>
            <!--episodes-->
            <control type="list" id="150"></control>
            <!--music videos-->
            <control type="list" id="160"></control>
            <!--artists-->
            <control type="list" id="170"></control>
            <!--albums-->
            <control type="list" id="180"></control>
            <!--songs-->
        </control>
        <!--hidden ok cancel controls-->
        <control type="group">
            <visible>false</visible>
            <control type="button" id="191">
                <description>OK</description>
                <label>$LOCALIZE[186]</label>
            </control>
            <control type="button" id="192">
                <description>Play</description>
                <label>-</label>
            </control>
            <control type="button" id="193">
                <description>trailer</description>
                <label>-</label>
            </control>
        </control>
        <!--background / fanart-->
        <control type="group">
            <control type="image">
                <posx>0</posx>
                <posy>0</posy>
                <include>dimensionsFullscreen</include>
                <texture>colors/black.png</texture>
                <colordiffuse>ffffffff</colordiffuse>
                <aspectratio>stretch</aspectratio>
            </control>
            <control type="image">
                <posx>0</posx>
                <posy>0</posy>
                <include>dimensionsFullscreen</include>
                <texture>$INFO[Container(100).ListItem.Property(fanart)]</texture>
                <colordiffuse>ffffffff</colordiffuse>
                <aspectratio>stretch</aspectratio>
                <include>kenBurnsey</include>
            </control>
            <!--extra darkness for tvepisodes that have fanart-->
            <control type="image">
                <visible>control.isvisible(140)</visible>
                <posx>0</posx>
                <posy>0</posy>
                <include>dimensionsFullscreen</include>
                <texture>colors/black.png</texture>
                <colordiffuse>ccffffff</colordiffuse>
                <aspectratio>stretch</aspectratio>
            </control>
            <control type="image">
                <include>dimensionsFullscreen</include>
                <texture>backgrounds/vignette.png</texture>
                <colordiffuse>ffffffff</colordiffuse>
                <aspectratio>stretch</aspectratio>
            </control>
        </control>
        <!--content is movie or tvshow-->
        <control type="group">
            <visible>Control.IsVisible(110) | control.IsVisible(120)</visible>
            <!--overlay-->
            <control type="image">
                <posx>0</posx>
                <posy>710</posy>
                <width>fullscreenWidth</width>
                <height>7-row</height>
                <texture>colors/black.png</texture>
                <colordiffuse>99ffffff</colordiffuse>
                <aspectratio>stretch</aspectratio>
            </control>
            <!--coverart-->
            <control type="group">
                <posx>col-1-begin</posx>
                <posy>row-7-begin</posy>
                <!--cover-->
                <control type="image">
                    <posx>-24</posx>
                    <posy>36</posy>
                    <width>6-col</width>
                    <height>635</height>
                    <aspectratio scalediffuse="false">scale</aspectratio>
                    <texture background="true" fallback="colors/black.png" border="0">$INFO[Container(100).ListItem.Icon]</texture>
                    <fadetime>200</fadetime>
                </control>
            </control>
            <!--content-->
            <control type="group">
                <posx>col-7-begin</posx>
                <posy>row-13-begin</posy>
                <control type="label">
                    <posx>0</posx>
                    <posy>0</posy>
                    <width>11-col</width>
                    <align>left</align>
                    <font>dialogTitle</font>
                    <textcolor>selected</textcolor>
                    <label>$INFO[Container(100).ListItem.Label]</label>
                </control>
                <control type="label">
                    <posx>0</posx>
                    <posy>60</posy>
                    <width>18-col-gutter</width>
                    <align>left</align>
                    <font>itemTitleSmall</font>
                    <textcolor>selected</textcolor>
                    <label>[B]$INFO[Container(100).ListItem.property(year),,]$INFO[Container(100).listitem.property(director), • Dir. ,]$INFO[Container(100).listitem.property(genre), • ,][/B]</label>
                </control>
                <!--synopsis-->
                <control type="textbox">
                    <posx>0</posx>
                    <posy>122</posy>
                    <font>textboxExtraLeading</font>
                    <width>18-col-gutter</width>
                    <align>left</align>
                    <textcolor>selected</textcolor>
                    <height>174</height>
                    <label>[B]$INFO[Container(100).ListItem.property(plot)][/B]</label>
                    <autoscroll delay="10000" time="1000" repeat="10000"></autoscroll>
                </control>
            </control>
            <!--dialog controls-->
            <control type="panel" id="191">
                <posx>col-20-begin</posx>
                <posy>row-8-begin</posy>
                <width>8-col</width>
                <height>4-row</height>
                <itemgap>3</itemgap>
                <orientation>vertical</orientation>
                <itemlayout width="8-col" height="1-row">
                    <control type="image">
                        <posx>0</posx>
                        <posy>2</posy>
                        <width>8-col</width>
                        <height>53</height>
                        <aspectratio>stretch</aspectratio>
                        <texture>colors/black.png</texture>
                    </control>
                    <control type="label">
                        <posx>24</posx>
                        <posy>0</posy>
                        <width>1-col</width>
                        <font>symbol</font>
                        <textcolor>selected</textcolor>
                        <label>$INFO[ListItem.label2]</label>
                        <shadowcolor>-</shadowcolor>
                    </control>
                    <control type="label">
                        <posx>1-col</posx>
                        <posy>2</posy>
                        <width>6-col</width>
                        <font>menuTitle</font>
                        <textcolor>selected</textcolor>
                        <label>$INFO[ListItem.label]</label>
                        <shadowcolor>-</shadowcolor>
                    </control>
                </itemlayout>
                <focusedlayout width="8-col" height="1-row">
                    <control type="image">
                        <posx>0</posx>
                        <posy>2</posy>
                        <width>8-col</width>
                        <height>53</height>
                        <aspectratio>stretch</aspectratio>
                        <texture>colors/selected.png</texture>
                    </control>
                    <control type="label">
                        <posx>24</posx>
                        <posy>0</posy>
                        <width>1-col</width>
                        <font>symbol</font>
                        <textcolor>black</textcolor>
                        <label>$INFO[ListItem.label2]</label>
                        <shadowcolor>-</shadowcolor>
                    </control>
                    <control type="label">
                        <posx>1-col</posx>
                        <posy>2</posy>
                        <width>6-col</width>
                        <font>menuTitle</font>
                        <textcolor>black</textcolor>
                        <label>$INFO[ListItem.label]</label>
                        <shadowcolor>-</shadowcolor>
                    </control>
                </focusedlayout>
                <content>
                    <item id="1">
                        <label>$INFO[control.getlabel(192)]</label>
                        <label2></label2>
                        <thumb>-</thumb>
                        <onclick>sendclick(192)</onclick>
                    </item>
                    <item id="2">
                        <label>$INFO[control.getlabel(193)]</label>
                        <label2></label2>
                        <thumb>-</thumb>
                        <onclick>SendClick(193)</onclick>
                    </item>
                </content>
            </control>
        </control>
        <!--content is tvshow episode-->
        <control type="group">
            <visible>control.IsVisible(140)</visible>
            <include>modalDialogInOutVertical</include>
            <!--thumbnail if available-->
            <control type="group">
                <posx>col-7-begin</posx>
                <posy>row-2-begin</posy>
                <!--cover-->
                <control type="image">
                    <posx>0</posx>
                    <posy>-12</posy>
                    <width>12-col</width>
                    <height>486</height>
                    <aspectratio scalediffuse="false">scale</aspectratio>
                    <texture background="true" fallback="colors/black.png" border="0">$INFO[container(100).Listitem.thumb]</texture>
                    <fadetime>200</fadetime>
                </control>
            </control>
            <!--content-->
            <control type="group">
                <posx>col-7-begin</posx>
                <posy>row-11-begin</posy>
                <!--title-->
                <control type="label">
                    <posx>0</posx>
                    <posy>0</posy>
                    <width>12-col</width>
                    <align>left</align>
                    <font>medium</font>
                    <textcolor>selected</textcolor>
                    <label>$INFO[container(100).ListItem.label]</label>
                </control>
                <!--synopsis-->
                <control type="textbox">
                    <posx>0</posx>
                    <posy>68</posy>
                    <font>textboxExtraLeading</font>
                    <width>12-col</width>
                    <align>left</align>
                    <textcolor>selected</textcolor>
                    <height>206</height>
                    <label>[B]$INFO[container(100).ListItem.property(plot)][/B]</label>
                    <autoscroll delay="10000" time="1000" repeat="10000"></autoscroll>
                </control>
                <!--dialog controls-->
                <control type="list" id="191">
                    <posx>0</posx>
                    <posy>330</posy>
                    <width>12-col</width>
                    <height>1-row</height>
                    <itemgap>3</itemgap>
                    <orientation>horizontal</orientation>
                    <itemlayout width="6-col" height="1-row">
                        <control type="image">
                            <posx>0</posx>
                            <posy>2</posy>
                            <width>6-col</width>
                            <height>53</height>
                            <aspectratio>stretch</aspectratio>
                            <texture>colors/black.png</texture>
                        </control>
                        <control type="label">
                            <posx>24</posx>
                            <posy>0</posy>
                            <width>1-col</width>
                            <font>symbol</font>
                            <textcolor>selected</textcolor>
                            <label>$INFO[ListItem.label2]</label>
                            <shadowcolor>-</shadowcolor>
                        </control>
                        <control type="label">
                            <posx>1-col</posx>
                            <posy>2</posy>
                            <width>5-col</width>
                            <font>menuTitle</font>
                            <textcolor>selected</textcolor>
                            <label>$INFO[ListItem.label]</label>
                            <shadowcolor>-</shadowcolor>
                        </control>
                    </itemlayout>
                    <focusedlayout width="6-col" height="1-row">
                        <control type="image">
                            <posx>0</posx>
                            <posy>2</posy>
                            <width>6-col</width>
                            <height>53</height>
                            <aspectratio>stretch</aspectratio>
                            <texture>colors/selected.png</texture>
                        </control>
                        <control type="label">
                            <posx>24</posx>
                            <posy>0</posy>
                            <width>1-col</width>
                            <font>symbol</font>
                            <textcolor>black</textcolor>
                            <label>$INFO[ListItem.label2]</label>
                            <shadowcolor>-</shadowcolor>
                        </control>
                        <control type="label">
                            <posx>1-col</posx>
                            <posy>2</posy>
                            <width>5-col</width>
                            <font>menuTitle</font>
                            <textcolor>black</textcolor>
                            <label>$INFO[ListItem.label]</label>
                            <shadowcolor>-</shadowcolor>
                        </control>
                    </focusedlayout>
                    <content>
                        <item id="1">
                            <label>31075</label>
                            <label2></label2>
                            <thumb>-</thumb>
                            <onclick>sendclick(192)</onclick>
                        </item>
                    </content>
                </control>
            </control>
        </control>
        <!--content is a Music artist-->
        <control type="group">
            <visible>control.IsVisible(160)</visible>
            <!--overlay-->
            <control type="image">
                <posx>col-17-begin</posx>
                <posy>0</posy>
                <width>10-col</width>
                <height>fullscreenHeight</height>
                <texture>colors/black.png</texture>
                <colordiffuse>AAffffff</colordiffuse>
                <aspectratio>stretch</aspectratio>
                <!--animations-->
                <animation effect="slide" start="500,0" delay="500" tween="back" easing="out" time="300">WindowOpen</animation>
            </control>
            <control type="group">
                <posx>col-18-begin</posx>
                <posy>row-2-begin</posy>
                <!--animations-->
                <animation effect="fade" start="0" end="100" delay="900" time="300">WindowOpen</animation>
                <!--content description-->
                <control type="label">
                    <posx>0</posx>
                    <posy>0</posy>
                    <width>7-col</width>
                    <font>smallStrong</font>
                    <textcolor>selected</textcolor>
                    <label>$INFO[container(100).ListItem.property(Artist_Genre)]</label>
                    <scroll>false</scroll>
                </control>
                <control type="textbox" id="20">
                    <posx>0</posx>
                    <posy>1-row</posy>
                    <width>7-col</width>
                    <height>135</height>
                    <font>largeStrong</font>
                    <textcolor>selected</textcolor>
                    <label>[UPPERCASE]$INFO[container(100).ListItem.label][/UPPERCASE]</label>
                </control>
                <!--synopsis-->
                <control type="textbox">
                    <posx>0</posx>
                    <posy>4-row</posy>
                    <font>textboxExtraLeading</font>
                    <width>7-col</width>
                    <textcolor>selected</textcolor>
                    <label>[B]$INFO[container(100).listitem.property(Artist_Description)][/B]</label>
                    <height>540</height>
                    <autoscroll delay="10000" repeat="10000"></autoscroll>
                </control>
            </control>
            <!--dialog controls-->
            <control type="group">
                <posx>col-18-begin</posx>
                <posy>row-17-begin</posy>
                <!--animations-->
                <animation effect="slide" start="0,100" time="200" delay="1100">WindowOpen</animation>
                <control type="list" id="191">
                    <posx>0</posx>
                    <posy>-12</posy>
                    <width>7-col</width>
                    <height>3-row</height>
                    <itemgap>3</itemgap>
                    <orientation>vertical</orientation>
                    <itemlayout width="7-col" height="1-row">
                        <control type="image">
                            <posx>0</posx>
                            <posy>2</posy>
                            <width>7-col</width>
                            <height>53</height>
                            <aspectratio>stretch</aspectratio>
                            <texture>colors/black.png</texture>
                        </control>
                        <control type="label">
                            <posx>24</posx>
                            <posy>0</posy>
                            <width>1-col</width>
                            <font>symbol</font>
                            <textcolor>selected</textcolor>
                            <label>$INFO[ListItem.label2]</label>
                            <shadowcolor>-</shadowcolor>
                        </control>
                        <control type="label">
                            <posx>1-col</posx>
                            <posy>2</posy>
                            <width>6-col</width>
                            <font>menuTitle</font>
                            <textcolor>selected</textcolor>
                            <label>$INFO[ListItem.label]</label>
                            <shadowcolor>-</shadowcolor>
                        </control>
                    </itemlayout>
                    <focusedlayout width="7-col" height="1-row">
                        <control type="image">
                            <posx>0</posx>
                            <posy>2</posy>
                            <width>7-col</width>
                            <height>53</height>
                            <aspectratio>stretch</aspectratio>
                            <texture>colors/selected.png</texture>
                        </control>
                        <control type="label">
                            <posx>24</posx>
                            <posy>0</posy>
                            <width>1-col</width>
                            <font>symbol</font>
                            <textcolor>black</textcolor>
                            <label>$INFO[ListItem.label2]</label>
                            <shadowcolor>-</shadowcolor>
                        </control>
                        <control type="label">
                            <posx>1-col</posx>
                            <posy>2</posy>
                            <width>6-col</width>
                            <font>menuTitle</font>
                            <textcolor>black</textcolor>
                            <label>$INFO[ListItem.label]</label>
                            <shadowcolor>-</shadowcolor>
                        </control>
                    </focusedlayout>
                    <content>
                        <item id="1">
                            <label>$INFO[control.getlabel(192)]</label>
                            <label2></label2>
                            <thumb>-</thumb>
                            <onclick>sendclick(192)</onclick>
                        </item>
                    </content>
                </control>
            </control>
        </control>
        <!--content is a Music album-->
        <control type="group">
            <visible>control.IsVisible(170)</visible>
            <posx>col-1-begin</posx>
            <posy>row-9-begin</posy>
            <!--overlay-->
            <control type="image">
                <posx>-96</posx>
                <posy>159</posy>
                <width>fullscreenWidth</width>
                <height>fullscreenHeight</height>
                <texture>colors/black.png</texture>
                <colordiffuse>aaffffff</colordiffuse>
                <aspectratio>stretch</aspectratio>
            </control>
            <!--album cover-->
            <control type="image">
                <posx>0</posx>
                <posy>-12</posy>
                <width>8-col-gutter</width>
                <height>8-col-gutter</height>
                <texture>$INFO[container(100).listitem.thumb]</texture>
                <colordiffuse>ffffffff</colordiffuse>
                <aspectratio>stretch</aspectratio>
            </control>
            <!--title and synopsis-->
            <control type="group">
                <posx>8-col</posx>
                <posy>3-row</posy>
                <control type="label">
                    <posx>0</posx>
                    <posy>0</posy>
                    <width>12-col</width>
                    <font>dialogTitle</font>
                    <textcolor>selected</textcolor>
                    <label>$INFO[container(100).Listitem.label]</label>
                    <scroll>false</scroll>
                </control>
                <control type="label">
                    <posx>0</posx>
                    <posy>1-row</posy>
                    <width>12-col</width>
                    <font>regularStrong</font>
                    <textcolor>selected</textcolor>
                    <label>$INFO[container(100).Listitem.property(artist)]$INFO[container(100).Listitem.property(year), • ,]$INFO[container(100).ListItem.Property(Album_Label), • ,]</label>
                    <scroll>false</scroll>
                </control>
                <control type="textbox">
                    <posx>0</posx>
                    <posy>2-row</posy>
                    <font>textboxExtraLeading</font>
                    <width>16-col</width>
                    <textcolor>selected</textcolor>
                    <height>238</height>
                    <label>[B]$INFO[container(100).ListItem.Property(Album_Description)][/B]</label>
                    <autoscroll delay="10000" repeat="10000"></autoscroll>
                </control>
            </control>
        </control>
    </controls>
</window>