<?xml version="1.0" encoding="UTF-8"?>
<window>
    <defaultcontrol always="true">4</defaultcontrol>
    <allowoverlay>yes</allowoverlay>
    <controls>
        <!--background-->
        <include>globalBackground</include>
        <control type="image">
            <include>dimensionsFullscreen</include>
            <texture>colors/black.png</texture>
            <aspectratio>stretch</aspectratio>
            <colordiffuse>99ffffff</colordiffuse>
        </control>
        <control type="group">
            <posx>col-7-begin</posx>
            <posy>row-3-begin</posy>
            <!--animations-->
            <include>modalDialogInOutVertical</include>
            <control type="image">
                <posx>-528</posx>
                <posy>44</posy>
                <width>fullscreenWidth</width>
                <height>1-row</height>
                <texture>colors/selected.png</texture>
                <colordiffuse>ffffffff</colordiffuse>
                <aspectratio>stretch</aspectratio>
            </control>
            <control type="image">
                <posx>-3</posx>
                <posy>44</posy>
                <width>3</width>
                <height>1-row</height>
                <texture>colors/black.png</texture>
                <colordiffuse>ffffffff</colordiffuse>
                <aspectratio>stretch</aspectratio>
            </control>
            <control type="label">
                <posx>12</posx>
                <posy>47</posy>
                <width>16-col</width>
                <font>pageTitle</font>
                <label>31103</label>
                <textcolor>black</textcolor>
                <shadowcolor>-</shadowcolor>
            </control>
            <control type="label">
                <posx>12</posx>
                <posy>2-row</posy>
                <width>12-col</width>
                <align>left</align>
                <font>itemTitle</font>
                <label>$LOCALIZE[31107]: $INFO[System.ProfileName]</label>
                <textcolor>accented</textcolor>
                <shadowcolor>-</shadowcolor>
            </control>
            <!--dialog controls-->
            <control type="radiobutton" id="4">
                <description>Enable Login Screen</description>
                <posx>0</posx>
                <posy>3-row</posy>
                <width>12-col</width>
                <label>20096</label>
                <align>left</align>
                <ondown>2</ondown>
            </control>
            <!--profile selection-->
            <control type="label">
                <posx>12</posx>
                <posy>5-row</posy>
                <width>12-col</width>
                <align>center</align>
                <font>itemTitleSmall</font>
                <label>31104</label>
                <textcolor>white</textcolor>
                <shadowcolor>-</shadowcolor>
            </control>
            <control type="panel" id="2">
                <posx>0</posx>
                <posy>6-row</posy>
                <width>12-col</width>
                <height>5-row</height>
                <onup>4</onup>
                <itemlayout width="6-col" height="1-row">
                    <control type="image">
                        <posx>0</posx>
                        <posy>2</posy>
                        <width>6-col-gutter</width>
                        <height>53</height>
                        <aspectratio>stretch</aspectratio>
                        <texture border="24,0,24,0">UIControls/listitemNF.png</texture>
                        <bordersize>0</bordersize>
                        <colordiffuse>99FFFFFF</colordiffuse>
                    </control>
                    <control type="image">
                        <posx>4</posx>
                        <posy>4</posy>
                        <width>48</width>
                        <height>48</height>
                        <aspectratio scalediffuse="false">scale</aspectratio>
                        <texture fallback="colors/offblack.png" diffuse="masks/circle.png" border="0">$INFO[Listitem.icon]</texture>
                    </control>
                    <control type="label">
                        <posx>1-col</posx>
                        <posy>0</posy>
                        <width>312</width>
                        <font>itemTitle</font>
                        <textcolor>selected</textcolor>
                        <shadowcolor>-</shadowcolor>
                        <label>$INFO[ListItem.Label]</label>
                    </control>
                </itemlayout>
                <focusedlayout width="6-col" height="1-row">
                    <control type="image">
                        <posx>0</posx>
                        <posy>2</posy>
                        <width>6-col-gutter</width>
                        <height>53</height>
                        <aspectratio>stretch</aspectratio>
                        <texture border="24,0,24,0">UIControls/listitemFO.png</texture>
                        <bordersize>0</bordersize>
                        <colordiffuse>FFFFFFFF</colordiffuse>
                    </control>
                    <control type="image">
                        <posx>4</posx>
                        <posy>4</posy>
                        <width>48</width>
                        <height>48</height>
                        <aspectratio scalediffuse="false">scale</aspectratio>
                        <texture fallback="colors/offblack.png" diffuse="masks/circle.png" border="0">$INFO[Listitem.icon]</texture>
                    </control>
                    <control type="label">
                        <posx>1-col</posx>
                        <posy>0</posy>
                        <width>312</width>
                        <font>itemTitle</font>
                        <textcolor>black</textcolor>
                        <selectedcolor>black</selectedcolor>
                        <shadowcolor>-</shadowcolor>
                        <label>$INFO[ListItem.Label]</label>
                    </control>
                </focusedlayout>
            </control>
        </control>
        <!--debugging-->
        <include>DebugGrid</include>
        <control type="label">
            <include>DialogID</include>
            <label>settingsProfile.xml</label>
        </control>
    </controls>
</window>