<?xml version="1.0" encoding="UTF-8"?>
<window>
    <defaultcontrol always="true">9002</defaultcontrol>
    <allowoverlay>no</allowoverlay>
    <controls>
        <!--background-->
        <control type="image">
            <posx>0</posx>
            <posy>0</posy>
            <include>dimensionsFullscreen</include>
            <texture>colors/black.png</texture>
            <colordiffuse>eeffffff</colordiffuse>
            <aspectratio>stretch</aspectratio>
        </control>
        <control type="group">
            <!--animations-->
            <include>modalDialogInOutVertical</include>
            <visible>!Window.IsVisible(smartplaylistrule)</visible>
            <control type="group">
                <posx>col-5-begin</posx>
                <posy>row-3-begin</posy>
                <control type="image">
                    <posx>-384</posx>
                    <posy>44</posy>
                    <width>fullscreenWidth</width>
                    <height>1-row</height>
                    <texture>colors/selected.png</texture>
                    <colordiffuse>ffffffff</colordiffuse>
                    <aspectratio>stretch</aspectratio>
                </control>
                <control type="image">
                    <posx>-3</posx>
                    <posy>44</posy>
                    <width>1155</width>
                    <height>1-row</height>
                    <texture>colors/selected.png</texture>
                    <bordertexture border="0">colors/black.png</bordertexture>
                    <bordersize>3,0,0,0</bordersize>
                    <colordiffuse>ffffffff</colordiffuse>
                    <aspectratio>stretch</aspectratio>
                </control>
                <control type="label">
                    <posx>12</posx>
                    <posy>47</posy>
                    <width>16-col</width>
                    <font>pageTitle</font>
                    <label>21432</label>
                    <textcolor>black</textcolor>
                    <shadowcolor>-</shadowcolor>
                </control>
                <!--set playlist type-->
                <control type="spincontrolex" id="22">
                    <description>Set Playlist type</description>
                    <posx>0</posx>
                    <posy>2-row</posy>
                    <width>12-col-gutter</width>
                    <label>467</label>
                    <onright>9002</onright>
                    <ondown>12</ondown>
                </control>
                <control type="label">
                    <description>Playlist Name Label</description>
                    <posx>12</posx>
                    <posy>3-row</posy>
                    <width>12-col-gutter</width>
                    <label>21433</label>
                    <textcolor>selected</textcolor>
                    <font>itemTitle</font>
                </control>
                <control type="edit" id="12">
                    <description>Name Button</description>
                    <posx>4-col</posx>
                    <posy>3-row</posy>
                    <width>8-col-gutter</width>
                    <height>1-row</height>
                    <font>itemTitle</font>
                    <align>left</align>
                    <aligny>center</aligny>
                    <textcolor>selected</textcolor>
                    <focusedcolor>black</focusedcolor>
                    <selectedcolor>black</selectedcolor>
                    <label>-</label>
                    <textoffsetx>12</textoffsetx>
                    <texturenofocus>colors/black.png</texturenofocus>
                    <texturefocus>colors/selected.png</texturefocus>
                    <pulseonselect>false</pulseonselect>
                    <onup>22</onup>
                    <onright>9002</onright>
                    <ondown>10</ondown>
                </control>
                <control type="group">
                    <posy>4-row</posy>
                    <!--add / remove edit rules-->
                    <control type="group">
                        <control type="panel" id="9001">
                            <posx>0</posx>
                            <posy>55</posy>
                            <width>4-col-gutter</width>
                            <height>3-row</height>
                            <itemgap>3</itemgap>
                            <onright>10</onright>
                            <onup>12</onup>
                            <ondown>16</ondown>
                            <orientation>vertical</orientation>
                            <itemlayout width="6-col" height="1-row">
                                <control type="image">
                                    <posx>0</posx>
                                    <posy>2</posy>
                                    <width>6-col</width>
                                    <height>53</height>
                                    <aspectratio>stretch</aspectratio>
                                    <texture>colors/black.png</texture>
                                </control>
                                <control type="label">
                                    <posx>24</posx>
                                    <posy>0</posy>
                                    <width>1-col</width>
                                    <font>symbol</font>
                                    <textcolor>selected</textcolor>
                                    <label>$INFO[ListItem.label2]</label>
                                    <shadowcolor>-</shadowcolor>
                                </control>
                                <control type="label">
                                    <posx>1-col</posx>
                                    <posy>2</posy>
                                    <width>6-col</width>
                                    <font>menuTitle</font>
                                    <textcolor>selected</textcolor>
                                    <label>$INFO[ListItem.label]</label>
                                    <shadowcolor>-</shadowcolor>
                                </control>
                            </itemlayout>
                            <focusedlayout width="6-col" height="1-row">
                                <control type="image">
                                    <posx>0</posx>
                                    <posy>2</posy>
                                    <width>6-col</width>
                                    <height>53</height>
                                    <aspectratio>stretch</aspectratio>
                                    <texture>colors/selected.png</texture>
                                </control>
                                <control type="label">
                                    <posx>24</posx>
                                    <posy>0</posy>
                                    <width>1-col</width>
                                    <font>symbol</font>
                                    <textcolor>black</textcolor>
                                    <label>$INFO[ListItem.label2]</label>
                                    <shadowcolor>-</shadowcolor>
                                </control>
                                <control type="label">
                                    <posx>1-col</posx>
                                    <posy>2</posy>
                                    <width>6-col</width>
                                    <font>menuTitle</font>
                                    <textcolor>black</textcolor>
                                    <label>$INFO[ListItem.label]</label>
                                    <shadowcolor>-</shadowcolor>
                                </control>
                            </focusedlayout>
                            <content>
                                <item id="1">
                                    <description>Add Rule</description>
                                    <label>15019</label>
                                    <label2></label2>
                                    <thumb>-</thumb>
                                    <onclick>SendClick(129,13)</onclick>
                                </item>
                                <item id="2">
                                    <description>Remove Rule</description>
                                    <label>1210</label>
                                    <label2></label2>
                                    <thumb>-</thumb>
                                    <onclick>SendClick(129,14)</onclick>
                                </item>
                                <item id="3">
                                    <description>Edit Button</description>
                                    <label>21435</label>
                                    <label2></label2>
                                    <thumb>-</thumb>
                                    <onclick>SendClick(129,15)</onclick>
                                </item>
                            </content>
                        </control>
                    </control>
                    <control type="panel" id="10">
                        <description>Rules List Control</description>
                        <posx>4-col</posx>
                        <posy>1-row</posy>
                        <width>8-col-gutter</width>
                        <height>4-row</height>
                        <onup>12</onup>
                        <onleft>9001</onleft>
                        <ondown>16</ondown>
                        <itemlayout width="8-col" height="1-row">
                            <control type="image">
                                <posx>0</posx>
                                <posy>0</posy>
                                <width>8-col</width>
                                <height>53</height>
                                <aspectratio>stretch</aspectratio>
                                <texture>colors/black.png</texture>
                                <bordersize>0</bordersize>
                                <colordiffuse>ffFFFFFF</colordiffuse>
                            </control>
                            <control type="label">
                                <posx>12</posx>
                                <posy>-1</posy>
                                <width>8-col</width>
                                <height>1-row</height>
                                <font>itemTitle</font>
                                <textcolor>selected</textcolor>
                                <selectedcolor>black</selectedcolor>
                                <info>ListItem.Label</info>
                                <shadowcolor>-</shadowcolor>
                            </control>
                        </itemlayout>
                        <focusedlayout width="8-col" height="1-row">
                            <control type="image">
                                <posx>0</posx>
                                <posy>0</posy>
                                <width>8-col</width>
                                <height>53</height>
                                <aspectratio>stretch</aspectratio>
                                <texture>colors/selected.png</texture>
                                <bordersize>0</bordersize>
                                <colordiffuse>ffFFFFFF</colordiffuse>
                            </control>
                            <control type="label">
                                <posx>12</posx>
                                <posy>-1</posy>
                                <width>8-col</width>
                                <height>1-row</height>
                                <font>itemTitle</font>
                                <textcolor>black</textcolor>
                                <selectedcolor>black</selectedcolor>
                                <info>ListItem.Label</info>
                                <shadowcolor>-</shadowcolor>
                            </control>
                        </focusedlayout>
                    </control>
                </control>
                <control type="spincontrolex" id="16">
                    <posx>0</posx>
                    <posy>9-row</posy>
                    <width>12-col-gutter</width>
                    <label>21424</label>
                    <onright>9002</onright>
                    <onup>10</onup>
                    <ondown>17</ondown>
                </control>
                <control type="spincontrolex" id="17">
                    <posx>0</posx>
                    <posy>10-row</posy>
                    <width>12-col-gutter</width>
                    <label>21427</label>
                    <onright>9002</onright>
                    <onup>16</onup>
                    <ondown>18</ondown>
                </control>
                <control type="spincontrolex" id="18">
                    <posx>0</posx>
                    <posy>11-row</posy>
                    <width>12-col-gutter</width>
                    <label>21429</label>
                    <onright>9002</onright>
                    <onup>17</onup>
                    <ondown>19</ondown>
                </control>
                <control type="label">
                    <posx>12</posx>
                    <posy>12-row</posy>
                    <width>8-col</width>
                    <height>1-row</height>
                    <font>itemTitle</font>
                    <textcolor>selected</textcolor>
                    <label>31044</label>
                    <shadowcolor>-</shadowcolor>
                </control>
                <control type="togglebutton" id="19">
                    <posx>0</posx>
                    <posy>12-row</posy>
                    <width>12-col-gutter</width>
                    <label>21431</label>
                    <altlabel>21430</altlabel>
                    <textcolor>selected</textcolor>
                    <texturefocus>colors/selected.png</texturefocus>
                    <alttexturefocus>colors/selected.png</alttexturefocus>
                    <align>right</align>
                    <textoffsetx>12</textoffsetx>
                    <onright>9002</onright>
                    <onup>18</onup>
                </control>
                <!--bit of bloat... Handles togglebutton focus-->
                <control type="label">
                    <visible>control.hasfocus(19)</visible>
                    <posx>12</posx>
                    <posy>12-row</posy>
                    <width>8-col</width>
                    <height>1-row</height>
                    <font>itemTitle</font>
                    <textcolor>black</textcolor>
                    <label>31044</label>
                    <shadowcolor>-</shadowcolor>
                </control>
                <control type="label">
                    <visible>control.hasfocus(19)</visible>
                    <posx>828</posx>
                    <posy>12-row</posy>
                    <width>12-col-gutter</width>
                    <align>right</align>
                    <height>1-row</height>
                    <font>itemTitle</font>
                    <textcolor>black</textcolor>
                    <label>$INFO[control.getlabel(19)]</label>
                    <shadowcolor>-</shadowcolor>
                </control>
                <!--OK / Cancel-->
                <control type="panel" id="9002">
                    <posx>12-col</posx>
                    <posy>2-row</posy>
                    <width>4-col</width>
                    <height>5-row</height>
                    <itemgap>3</itemgap>
                    <orientation>vertical</orientation>
                    <onleft>22</onleft>
                    <itemlayout width="4-col" height="1-row">
                        <control type="image">
                            <posx>0</posx>
                            <posy>2</posy>
                            <width>4-col</width>
                            <height>53</height>
                            <aspectratio>stretch</aspectratio>
                            <texture>colors/black.png</texture>
                        </control>
                        <control type="label">
                            <posx>24</posx>
                            <posy>0</posy>
                            <width>1-col</width>
                            <font>symbol</font>
                            <textcolor>selected</textcolor>
                            <label>$INFO[ListItem.label2]</label>
                            <shadowcolor>-</shadowcolor>
                        </control>
                        <control type="label">
                            <posx>1-col</posx>
                            <posy>2</posy>
                            <width>3-col</width>
                            <font>menuTitle</font>
                            <textcolor>selected</textcolor>
                            <label>$INFO[ListItem.label]</label>
                            <shadowcolor>-</shadowcolor>
                        </control>
                    </itemlayout>
                    <focusedlayout width="4-col" height="1-row">
                        <control type="image">
                            <posx>0</posx>
                            <posy>2</posy>
                            <width>4-col</width>
                            <height>53</height>
                            <aspectratio>stretch</aspectratio>
                            <texture>colors/selected.png</texture>
                        </control>
                        <control type="label">
                            <posx>24</posx>
                            <posy>0</posy>
                            <width>1-col</width>
                            <font>symbol</font>
                            <textcolor>black</textcolor>
                            <label>$INFO[ListItem.label2]</label>
                            <shadowcolor>-</shadowcolor>
                        </control>
                        <control type="label">
                            <posx>1-col</posx>
                            <posy>2</posy>
                            <width>3-col</width>
                            <font>menuTitle</font>
                            <textcolor>black</textcolor>
                            <label>$INFO[ListItem.label]</label>
                            <shadowcolor>-</shadowcolor>
                        </control>
                    </focusedlayout>
                    <content>
                        <item id="1">
                            <description>Ok Button</description>
                            <label>186</label>
                            <label2></label2>
                            <thumb>-</thumb>
                            <onclick>SendClick(129,20)</onclick>
                        </item>
                        <item id="2">
                            <description>Cancel Button</description>
                            <label>222</label>
                            <label2></label2>
                            <thumb>-</thumb>
                            <onclick>SendClick(129,21)</onclick>
                        </item>
                    </content>
                </control>
            </control>
            <!--buttons-->
            <control type="group">
                <visible>false</visible>
                <control type="button" id="13">
                    <description>Add Rule Button</description>
                </control>
                <control type="button" id="14">
                    <description>Remove Rule Button</description>
                </control>
                <control type="button" id="15">
                    <description>Edit Rule Button</description>
                </control>
                <control type="button" id="20">
                    <description>Ok Button</description>
                    <label>186</label>
                </control>
                <control type="button" id="21">
                    <description>Cancel Button</description>
                    <label>222</label>
                </control>
            </control>
        </control>
        <!--debugging-->
        <include>DebugGrid</include>
        <control type="label">
            <include>DialogID</include>
            <label>SmartPlaylistEditor.xml</label>
        </control>
    </controls>
</window>