<?xml version="1.0" encoding="UTF-8"?>
<window>
    <defaultcontrol always="true">5</defaultcontrol>
    <allowoverlay>yes</allowoverlay>
    <controls>
        <control type="image">
            <posx>0</posx>
            <posy>0</posy>
            <width>fullscreenWidth</width>
            <height>fullscreenHeight</height>
            <aspectratio>stretch</aspectratio>
            <texture>colors/black.png</texture>
            <colordiffuse>ddFFFFFF</colordiffuse>
            <include>fadeInOut</include>
        </control>
        <control type="group">
            <posx>col-7-begin</posx>
            <posy>row-3-begin</posy>
            <!--animations-->
            <include>modalDialogInOutVertical</include>
            <control type="image">
                <posx>-528</posx>
                <posy>44</posy>
                <width>fullscreenWidth</width>
                <height>1-row</height>
                <texture>colors/selected.png</texture>
                <colordiffuse>ffffffff</colordiffuse>
                <aspectratio>stretch</aspectratio>
            </control>
            <control type="image">
                <posx>-3</posx>
                <posy>44</posy>
                <width>3</width>
                <height>1-row</height>
                <texture>colors/black.png</texture>
                <colordiffuse>ffffffff</colordiffuse>
                <aspectratio>stretch</aspectratio>
            </control>
            <control type="label" id="2">
                <posx>12</posx>
                <posy>47</posy>
                <width>12-col</width>
                <font>pageTitle</font>
                <textcolor>black</textcolor>
                <shadowcolor>-</shadowcolor>
            </control>
            <control type="grouplist" id="5">
                <description>Control Area</description>
                <posx>0</posx>
                <posy>120</posy>
                <width>12-col</width>
                <height>644</height>
                <orientation>vertical</orientation>
            </control>
            <control type="button" id="7">
                <description>Default Button</description>
                <align>left</align>
                <font>itemTitle</font>
                <height>54</height>
                <font>itemTitle</font>
                <textcolor>selected</textcolor>
                <focusedcolor>black</focusedcolor>
                <texturefocus>colors/selected.png</texturefocus>
                <textoffsetx>12</textoffsetx>
            </control>
            <control type="radiobutton" id="8">
                <description>Default RadioButton</description>
                <align>left</align>
            </control>
            <control type="spincontrolex" id="9">
                <description>Default spincontrolex</description>
                <align>left</align>
            </control>
            <control type="sliderex" id="10">
                <description>Default Slider</description>
                <align>left</align>
                <height>54</height>
            </control>
        </control>
        <!--debugging-->
        <include>DebugGrid</include>
        <control type="label">
            <include>DialogID</include>
            <label>VideoOSDSettings.xml</label>
        </control>
    </controls>
</window>