<?xml version="1.0" encoding="UTF-8"?>
<includes>
    <!--list-->
    <include name="viewDialogList">
        <control type="panel" id="50">
            <posx>0</posx>
            <posy>0</posy>
            <width>16-col</width>
            <height>11-row</height>
            <onleft>9000</onleft>
            <onright>60</onright>
            <ondown>51</ondown>
            <onup>51</onup>
            <pagecontrol>60</pagecontrol>
            <itemlayout height="1-row" width="8-col">
                <control type="image">
                    <posx>4</posx>
                    <posy>4</posy>
                    <width>48</width>
                    <height>48</height>
                    <aspectratio scalediffuse="false">scale</aspectratio>
                    <texture fallback="colors/offblack.png" diffuse="masks/circle.png" border="0">$INFO[Listitem.icon]</texture>
                </control>
                <control type="label">
                    <posx>1-col</posx>
                    <posy>0</posy>
                    <width>4-col</width>
                    <font>itemTitle</font>
                    <textcolor>selected</textcolor>
                    <shadowcolor>-</shadowcolor>
                    <label>$INFO[ListItem.Label]</label>
                </control>
                <control type="label">
                    <posx>8-col-gutter</posx>
                    <posy>0</posy>
                    <width>4-col</width>
                    <align>right</align>
                    <label>$INFO[ListItem.Label2]</label>
                    <font>smallMedium</font>
                    <textcolor>selected</textcolor>
                    <selectedcolor>selected</selectedcolor>
                    <shadowcolor>-</shadowcolor>
                    <textoffsetx>12</textoffsetx>
                </control>
            </itemlayout>
            <focusedlayout height="1-row" width="8-col">
                <control type="image">
                    <posx>0</posx>
                    <posy>2</posy>
                    <width>8-col-gutter</width>
                    <height>53</height>
                    <aspectratio>stretch</aspectratio>
                    <texture border="24,0,24,0">UIControls/listitemFO.png</texture>
                    <bordersize>0</bordersize>
                    <colordiffuse>ffFFFFFF</colordiffuse>
                </control>
                <control type="image">
                    <posx>4</posx>
                    <posy>4</posy>
                    <width>48</width>
                    <height>48</height>
                    <aspectratio scalediffuse="false">scale</aspectratio>
                    <texture fallback="colors/offblack.png" diffuse="masks/circle.png" border="0">$INFO[Listitem.icon]</texture>
                </control>
                <control type="label">
                    <posx>1-col</posx>
                    <posy>0</posy>
                    <width>4-col</width>
                    <font>itemTitle</font>
                    <textcolor>black</textcolor>
                    <selectedcolor>black</selectedcolor>
                    <shadowcolor>-</shadowcolor>
                    <label>$INFO[ListItem.Label]</label>
                </control>
                <control type="label">
                    <posx>8-col-gutter</posx>
                    <posy>0</posy>
                    <width>4-col</width>
                    <align>right</align>
                    <label>$INFO[ListItem.Label2]</label>
                    <font>smallMedium</font>
                    <textcolor>black</textcolor>
                    <selectedcolor>black</selectedcolor>
                    <shadowcolor>-</shadowcolor>
                    <textoffsetx>12</textoffsetx>
                </control>
            </focusedlayout>
        </control>
    </include>
</includes>