<?xml version="1.0" encoding="UTF-8"?>
<includes>
    <!--tv channels view-->
    <include name="LiveTVChannelView">
        <control type="group">
            <visible>Control.IsVisible(11)</visible>
            <control type="panel" id="11">
                <posx>0</posx>
                <posy>0</posy>
                <width>20-col</width>
                <height>12-row</height>
                <onleft>9000</onleft>
                <onright>60</onright>
                <pagecontrol>60</pagecontrol>
                <scrolltime tween="sine" easing="inout">200</scrolltime>
                <itemlayout height="1-row" width="20-col">
                    <control type="image">
                        <posx>0</posx>
                        <posy>2</posy>
                        <width>20-col</width>
                        <height>53</height>
                        <aspectratio>stretch</aspectratio>
                        <texture border="24,0,24,0">UIControls/listitemNF.png</texture>
                        <bordersize>0</bordersize>
                        <colordiffuse>99FFFFFF</colordiffuse>
                    </control>
                    <control type="image">
                        <posx>4</posx>
                        <posy>4</posy>
                        <width>48</width>
                        <height>48</height>
                        <aspectratio scalediffuse="false">scale</aspectratio>
                        <texture fallback="colors/offblack.png" diffuse="masks/circle.png" border="0">$INFO[Listitem.thumb]</texture>
                    </control>
                    <control type="label">
                        <posx>1-col</posx>
                        <posy>0</posy>
                        <width>4-col-gutter</width>
                        <font>itemTitle</font>
                        <textcolor>selected</textcolor>
                        <shadowcolor>-</shadowcolor>
                        <label>$INFO[ListItem.Label]</label>
                    </control>
                    <control type="label">
                        <posx>5-col</posx>
                        <posy>0</posy>
                        <width>84</width>
                        <font>itemTitle</font>
                        <textcolor>selected</textcolor>
                        <shadowcolor>-</shadowcolor>
                        <label>$INFO[ListItem.starttime]</label>
                    </control>
                    <control type="image">
                        <visible>ListItem.HasTimer</visible>
                        <posx>438</posx>
                        <posy>2</posy>
                        <width>414</width>
                        <height>53</height>
                        <aspectratio>stretch</aspectratio>
                        <texture border="0">colors/selected.png</texture>
                        <bordertexture border="6">colors/black.png</bordertexture>
                        <bordersize>0,0,6,0</bordersize>
                        <colordiffuse>99FFFFFF</colordiffuse>
                        <animation effect="fade" start="75" end="100" time="1500" tween="sine" easing="in" pulse="true" condition="true">Conditional</animation>
                    </control>
                    <control type="label">
                        <posx>444</posx>
                        <posy>0</posy>
                        <width>6-col-gutter</width>
                        <font>itemTitle</font>
                        <textcolor>selected</textcolor>
                        <shadowcolor>-</shadowcolor>
                        <label>$INFO[ListItem.Title]</label>
                    </control>
                    <control type="label">
                        <posx>12-col</posx>
                        <posy>0</posy>
                        <width>84</width>
                        <font>itemTitle</font>
                        <textcolor>selected</textcolor>
                        <shadowcolor>-</shadowcolor>
                        <label>$INFO[ListItem.nextstarttime]</label>
                    </control>
                    <control type="image">
                        <visible>ListItem.HasTimer</visible>
                        <posx>942</posx>
                        <posy>2</posy>
                        <width>414</width>
                        <height>53</height>
                        <aspectratio>stretch</aspectratio>
                        <texture border="0">colors/selected.png</texture>
                        <bordertexture border="6">colors/black.png</bordertexture>
                        <bordersize>0,0,6,0</bordersize>
                        <colordiffuse>99FFFFFF</colordiffuse>
                        <animation effect="fade" start="75" end="100" time="1500" tween="sine" easing="in" pulse="true" condition="true">Conditional</animation>
                    </control>
                    <control type="label">
                        <posx>948</posx>
                        <posy>0</posy>
                        <width>6-col-gutter</width>
                        <font>itemTitle</font>
                        <textcolor>selected</textcolor>
                        <shadowcolor>-</shadowcolor>
                        <label>$INFO[ListItem.nextTitle]</label>
                    </control>
                </itemlayout>
                <focusedlayout height="1-row" width="20-col">
                    <control type="image">
                        <posx>0</posx>
                        <posy>2</posy>
                        <width>20-col</width>
                        <height>53</height>
                        <aspectratio>stretch</aspectratio>
                        <texture border="24,0,24,0">UIControls/listitemFO.png</texture>
                        <bordersize>0</bordersize>
                        <colordiffuse>FFFFFFFF</colordiffuse>
                    </control>
                    <control type="image">
                        <posx>4</posx>
                        <posy>4</posy>
                        <width>48</width>
                        <height>48</height>
                        <aspectratio scalediffuse="false">scale</aspectratio>
                        <texture fallback="colors/offblack.png" diffuse="masks/circle.png" border="0">$INFO[Listitem.thumb]</texture>
                    </control>
                    <control type="label">
                        <posx>1-col</posx>
                        <posy>0</posy>
                        <width>4-col-gutter</width>
                        <font>itemTitle</font>
                        <textcolor>black</textcolor>
                        <selectedcolor>black</selectedcolor>
                        <shadowcolor>-</shadowcolor>
                        <label>$INFO[ListItem.Label]</label>
                    </control>
                    <control type="label">
                        <posx>5-col</posx>
                        <posy>0</posy>
                        <width>84</width>
                        <font>itemTitle</font>
                        <textcolor>black</textcolor>
                        <selectedcolor>black</selectedcolor>
                        <shadowcolor>-</shadowcolor>
                        <label>$INFO[ListItem.starttime]</label>
                    </control>
                    <control type="label">
                        <posx>444</posx>
                        <posy>0</posy>
                        <width>6-col-gutter</width>
                        <font>itemTitle</font>
                        <textcolor>black</textcolor>
                        <selectedcolor>black</selectedcolor>
                        <shadowcolor>-</shadowcolor>
                        <label>$INFO[ListItem.Title]</label>
                    </control>
                    <control type="label">
                        <posx>12-col</posx>
                        <posy>0</posy>
                        <width>84</width>
                        <font>itemTitle</font>
                        <textcolor>black</textcolor>
                        <selectedcolor>black</selectedcolor>
                        <shadowcolor>-</shadowcolor>
                        <label>$INFO[ListItem.nextstarttime]</label>
                    </control>
                    <control type="label">
                        <posx>948</posx>
                        <posy>0</posy>
                        <width>6-col-gutter</width>
                        <font>itemTitle</font>
                        <textcolor>black</textcolor>
                        <selectedcolor>black</selectedcolor>
                        <shadowcolor>-</shadowcolor>
                        <label>$INFO[ListItem.nextTitle]</label>
                    </control>
                </focusedlayout>
            </control>
        </control>
    </include>
	<!--radio channels view-->
    <include name="LiveRadioChannelView">
        <control type="group">
            <visible>Control.IsVisible(12)</visible>
            <control type="panel" id="12">
                <posx>0</posx>
                <posy>0</posy>
                <width>20-col</width>
                <height>12-row</height>
                <onleft>9000</onleft>
                <onright>60</onright>
                <pagecontrol>60</pagecontrol>
                <scrolltime tween="sine" easing="inout">200</scrolltime>
                <itemlayout height="1-row" width="20-col">
                    <control type="image">
                        <posx>0</posx>
                        <posy>2</posy>
                        <width>20-col</width>
                        <height>53</height>
                        <aspectratio>stretch</aspectratio>
                        <texture border="24,0,24,0">UIControls/listitemNF.png</texture>
                        <bordersize>0</bordersize>
                        <colordiffuse>99FFFFFF</colordiffuse>
                    </control>
                    <control type="image">
                        <posx>4</posx>
                        <posy>4</posy>
                        <width>48</width>
                        <height>48</height>
                        <aspectratio scalediffuse="false">scale</aspectratio>
                        <texture fallback="colors/offblack.png" diffuse="masks/circle.png" border="0">$INFO[Listitem.thumb]</texture>
                    </control>
                    <control type="label">
                        <posx>1-col</posx>
                        <posy>0</posy>
                        <width>4-col-gutter</width>
                        <font>itemTitle</font>
                        <textcolor>selected</textcolor>
                        <shadowcolor>-</shadowcolor>
                        <label>$INFO[ListItem.Label]</label>
                    </control>
                    <control type="label">
                        <posx>5-col</posx>
                        <posy>0</posy>
                        <width>84</width>
                        <font>itemTitle</font>
                        <textcolor>selected</textcolor>
                        <shadowcolor>-</shadowcolor>
                        <label>$INFO[ListItem.starttime]</label>
                    </control>
                    <control type="image">
                        <visible>ListItem.HasTimer</visible>
                        <posx>438</posx>
                        <posy>2</posy>
                        <width>414</width>
                        <height>53</height>
                        <aspectratio>stretch</aspectratio>
                        <texture border="0">colors/selected.png</texture>
                        <bordertexture border="6">colors/black.png</bordertexture>
                        <bordersize>0,0,6,0</bordersize>
                        <colordiffuse>99FFFFFF</colordiffuse>
                        <animation effect="fade" start="75" end="100" time="1500" tween="sine" easing="in" pulse="true" condition="true">Conditional</animation>
                    </control>
                    <control type="label">
                        <posx>444</posx>
                        <posy>0</posy>
                        <width>6-col-gutter</width>
                        <font>itemTitle</font>
                        <textcolor>selected</textcolor>
                        <shadowcolor>-</shadowcolor>
                        <label>$INFO[ListItem.Title]</label>
                    </control>
                    <control type="label">
                        <posx>12-col</posx>
                        <posy>0</posy>
                        <width>84</width>
                        <font>itemTitle</font>
                        <textcolor>selected</textcolor>
                        <shadowcolor>-</shadowcolor>
                        <label>$INFO[ListItem.nextstarttime]</label>
                    </control>
                    <control type="image">
                        <visible>ListItem.HasTimer</visible>
                        <posx>942</posx>
                        <posy>2</posy>
                        <width>414</width>
                        <height>53</height>
                        <aspectratio>stretch</aspectratio>
                        <texture border="0">colors/selected.png</texture>
                        <bordertexture border="6">colors/black.png</bordertexture>
                        <bordersize>0,0,6,0</bordersize>
                        <colordiffuse>99FFFFFF</colordiffuse>
                        <animation effect="fade" start="75" end="100" time="1500" tween="sine" easing="in" pulse="true" condition="true">Conditional</animation>
                    </control>
                    <control type="label">
                        <posx>948</posx>
                        <posy>0</posy>
                        <width>6-col-gutter</width>
                        <font>itemTitle</font>
                        <textcolor>selected</textcolor>
                        <shadowcolor>-</shadowcolor>
                        <label>$INFO[ListItem.nextTitle]</label>
                    </control>
                </itemlayout>
                <focusedlayout height="1-row" width="20-col">
                    <control type="image">
                        <posx>0</posx>
                        <posy>2</posy>
                        <width>20-col</width>
                        <height>53</height>
                        <aspectratio>stretch</aspectratio>
                        <texture border="24,0,24,0">UIControls/listitemFO.png</texture>
                        <bordersize>0</bordersize>
                        <colordiffuse>FFFFFFFF</colordiffuse>
                    </control>
                    <control type="image">
                        <posx>4</posx>
                        <posy>4</posy>
                        <width>48</width>
                        <height>48</height>
                        <aspectratio scalediffuse="false">scale</aspectratio>
                        <texture fallback="colors/offblack.png" diffuse="masks/circle.png" border="0">$INFO[Listitem.thumb]</texture>
                    </control>
                    <control type="label">
                        <posx>1-col</posx>
                        <posy>0</posy>
                        <width>4-col-gutter</width>
                        <font>itemTitle</font>
                        <textcolor>black</textcolor>
                        <selectedcolor>black</selectedcolor>
                        <shadowcolor>-</shadowcolor>
                        <label>$INFO[ListItem.Label]</label>
                    </control>
                    <control type="label">
                        <posx>5-col</posx>
                        <posy>0</posy>
                        <width>84</width>
                        <font>itemTitle</font>
                        <textcolor>black</textcolor>
                        <selectedcolor>black</selectedcolor>
                        <shadowcolor>-</shadowcolor>
                        <label>$INFO[ListItem.starttime]</label>
                    </control>
                    <control type="label">
                        <posx>444</posx>
                        <posy>0</posy>
                        <width>6-col-gutter</width>
                        <font>itemTitle</font>
                        <textcolor>black</textcolor>
                        <selectedcolor>black</selectedcolor>
                        <shadowcolor>-</shadowcolor>
                        <label>$INFO[ListItem.Title]</label>
                    </control>
                    <control type="label">
                        <posx>12-col</posx>
                        <posy>0</posy>
                        <width>84</width>
                        <font>itemTitle</font>
                        <textcolor>black</textcolor>
                        <selectedcolor>black</selectedcolor>
                        <shadowcolor>-</shadowcolor>
                        <label>$INFO[ListItem.nextstarttime]</label>
                    </control>
                    <control type="label">
                        <posx>948</posx>
                        <posy>0</posy>
                        <width>6-col-gutter</width>
                        <font>itemTitle</font>
                        <textcolor>black</textcolor>
                        <selectedcolor>black</selectedcolor>
                        <shadowcolor>-</shadowcolor>
                        <label>$INFO[ListItem.nextTitle]</label>
                    </control>
                </focusedlayout>
            </control>
        </control>
    </include>
    <include name="LiveTVRecordingsView">
        <control type="group">
            <description>Recordings group</description>
            <visible>Control.IsVisible(13)</visible>
            <control type="panel" id="13">
                <posx>-12</posx>
                <posy>-12</posy>
                <width>20-col</width>
                <height>11-row</height>
                <onleft>9000</onleft>
                <onright>60</onright>
                <pagecontrol>60</pagecontrol>
                <itemlayout width="20-col" height="1-row">
                    <control type="image">
                        <posx>0</posx>
                        <posy>2</posy>
                        <width>20-col</width>
                        <height>53</height>
                        <aspectratio>stretch</aspectratio>
                        <texture border="24,0,24,0">UIControls/listitemNF.png</texture>
                        <bordersize>0</bordersize>
                        <colordiffuse>99FFFFFF</colordiffuse>
                    </control>
                    <control type="image">
                        <posx>4</posx>
                        <posy>4</posy>
                        <width>48</width>
                        <height>48</height>
                        <aspectratio scalediffuse="false">scale</aspectratio>
                        <texture diffuse="masks/circle.png" border="0">colors/offblack.png</texture>
                    </control>
                    <control type="label">
                        <visible>!isempty(ListItem.playcount)</visible>
                        <posx>18</posx>
                        <posy>0</posy>
                        <width>30</width>
                        <font>symbol</font>
                        <textcolor>selected</textcolor>
                        <shadowcolor>-</shadowcolor>
                        <label></label>
                    </control>
                    <control type="label">
                        <posx>1-col</posx>
                        <posy>0</posy>
                        <width>10-col-gutter</width>
                        <font>itemTitle</font>
                        <textcolor>selected</textcolor>
                        <shadowcolor>-</shadowcolor>
                        <label>$INFO[ListItem.Label]</label>
                    </control>
                    <control type="label">
                        <posx>13-col</posx>
                        <posy>0</posy>
                        <width>4-col-gutter</width>
                        <font>itemTitle</font>
                        <textcolor>selected</textcolor>
                        <shadowcolor>-</shadowcolor>
                        <label>$INFO[ListItem.Date]</label>
                    </control>
                    <control type="label">
                        <posx>17-col</posx>
                        <posy>0</posy>
                        <width>30</width>
                        <font>symbol</font>
                        <textcolor>selected</textcolor>
                        <shadowcolor>-</shadowcolor>
                        <label></label>
                    </control>
                    <control type="label">
                        <posx>1260</posx>
                        <posy>0</posy>
                        <width>2-col</width>
                        <font>itemTitle</font>
                        <textcolor>selected</textcolor>
                        <shadowcolor>-</shadowcolor>
                        <label>$INFO[ListItem.Duration]</label>
                    </control>
                </itemlayout>
                <focusedlayout width="20-col" height="1-row">
                    <control type="image">
                        <posx>0</posx>
                        <posy>2</posy>
                        <width>20-col</width>
                        <height>53</height>
                        <aspectratio>stretch</aspectratio>
                        <texture border="24,0,24,0">UIControls/listitemFO.png</texture>
                        <bordersize>0</bordersize>
                        <colordiffuse>FFFFFFFF</colordiffuse>
                    </control>
                    <control type="image">
                        <posx>4</posx>
                        <posy>4</posy>
                        <width>48</width>
                        <height>48</height>
                        <aspectratio scalediffuse="false">scale</aspectratio>
                        <texture diffuse="masks/circle.png" border="0">colors/offblack.png</texture>
                    </control>
                    <control type="label">
                        <visible>!isempty(ListItem.playcount)</visible>
                        <posx>18</posx>
                        <posy>0</posy>
                        <width>30</width>
                        <font>symbol</font>
                        <textcolor>selected</textcolor>
                        <shadowcolor>-</shadowcolor>
                        <label></label>
                    </control>
                    <control type="label">
                        <posx>1-col</posx>
                        <posy>0</posy>
                        <width>10-col-gutter</width>
                        <font>itemTitle</font>
                        <textcolor>black</textcolor>
                        <selectedcolor>black</selectedcolor>
                        <shadowcolor>-</shadowcolor>
                        <label>$INFO[ListItem.Label]</label>
                    </control>
                    <control type="label">
                        <posx>13-col</posx>
                        <posy>0</posy>
                        <width>4-col-gutter</width>
                        <font>itemTitle</font>
                        <textcolor>black</textcolor>
                        <selectedcolor>black</selectedcolor>
                        <shadowcolor>-</shadowcolor>
                        <label>$INFO[ListItem.Date]</label>
                    </control>
                    <control type="label">
                        <posx>17-col</posx>
                        <posy>0</posy>
                        <width>30</width>
                        <font>symbol</font>
                        <textcolor>black</textcolor>
                        <selectedcolor>black</selectedcolor>
                        <shadowcolor>-</shadowcolor>
                        <label></label>
                    </control>
                    <control type="label">
                        <posx>1260</posx>
                        <posy>0</posy>
                        <width>2-col</width>
                        <font>itemTitle</font>
                        <textcolor>black</textcolor>
                        <selectedcolor>black</selectedcolor>
                        <shadowcolor>-</shadowcolor>
                        <label>$INFO[ListItem.Duration]</label>
                    </control>
                </focusedlayout>
            </control>
            <!--Additional info-->
            <control type="group">
                <posx>0</posx>
                <posy>672</posy>
                <control type="label">
                    <posx>0</posx>
                    <posy>0</posy>
                    <width>12-col-gutter</width>
                    <font>itemTitle</font>
                    <textcolor>selected</textcolor>
                    <selectedcolor>selected</selectedcolor>
                    <shadowcolor>-</shadowcolor>
                    <label>$INFO[Pvr.BackendDiskSpace]</label>
                </control>
            </control>
        </control>
    </include>
    <include name="EPGTimelineView">
        <control type="group">
            <description>TV Guide Timeline</description>
            <visible>Control.IsVisible(10)</visible>
            <control type="epggrid" id="10">
                <description>EPG Grid</description>
                <posx>-12</posx>
                <posy>-56</posy>
                <width>21-col</width>
                <height>11-row</height>
                <!--<progresstexture border="0,33,18,14">UIControls/PVR-EpgProgressIndicator.png</progresstexture>-->
                <timeblocks>40</timeblocks>
                <rulerunit>12</rulerunit>
                <onleft>9000</onleft>
                <rulerlayout height="1-row" width="1-col">
                    <control type="label" id="2">
                        <visible>SubString(ListItem.Label,:)</visible>
                        <posx>24</posx>
                        <posy>8</posy>
                        <width>34</width>
                        <height>1-row</height>
                        <font>itemTitleSmall</font>
                        <textcolor>selected</textcolor>
                        <shadowcolor>-</shadowcolor>
                        <label>[B]$INFO[ListItem.Label][/B]</label>
                    </control>
                </rulerlayout>
                <channellayout height="1-row" width="4-col-gutter">
                    <control type="image">
                        <posx>0</posx>
                        <posy>2</posy>
                        <width>4-col</width>
                        <height>53</height>
                        <aspectratio>stretch</aspectratio>
                        <texture border="24,0,24,0">UIControls/listitemNF.png</texture>
                        <bordersize>0</bordersize>
                        <colordiffuse>99FFFFFF</colordiffuse>
                    </control>
                    <control type="image">
                        <posx>4</posx>
                        <posy>4</posy>
                        <width>48</width>
                        <height>48</height>
                        <aspectratio scalediffuse="false">scale</aspectratio>
                        <texture fallback="colors/offblack.png" diffuse="masks/circle.png" border="0">$INFO[Listitem.thumb]</texture>
                    </control>
                    <control type="label" id="1">
                        <posx>60</posx>
                        <posy>0</posy>
                        <width>3-col-gutter</width>
                        <font>itemTitleSmallCondensed</font>
                        <textcolor>selected</textcolor>
                        <selectedcolor>selected</selectedcolor>
                        <shadowcolor>-</shadowcolor>
                        <label>$INFO[ListItem.ChannelName]</label>
                        <scroll>false</scroll>
                    </control>
                </channellayout>
                <focusedchannellayout height="1-row" width="270">
                    <control type="image">
                        <posx>0</posx>
                        <posy>2</posy>
                        <width>4-col</width>
                        <height>53</height>
                        <aspectratio>stretch</aspectratio>
                        <texture border="24,0,24,0">UIControls/listitemFO.png</texture>
                        <bordersize>0</bordersize>
                        <colordiffuse>ffFFFFFF</colordiffuse>
                    </control>
                    <control type="image">
                        <posx>4</posx>
                        <posy>4</posy>
                        <width>48</width>
                        <height>48</height>
                        <aspectratio scalediffuse="false">scale</aspectratio>
                        <texture fallback="colors/offblack.png" diffuse="masks/circle.png" border="0">$INFO[Listitem.thumb]</texture>
                    </control>
                    <control type="label" id="1">
                        <posx>60</posx>
                        <posy>0</posy>
                        <width>3-col-gutter</width>
                        <font>itemTitleSmallCondensed</font>
                        <textcolor>black</textcolor>
                        <selectedcolor>black</selectedcolor>
                        <shadowcolor>-</shadowcolor>
                        <label>$INFO[ListItem.ChannelName]</label>
                        <scroll>false</scroll>
                    </control>
                </focusedchannellayout>
                <itemlayout height="1-row" width="1-col">
                    <control type="image" id="2">
                        <visible>!ListItem.HasTimer</visible>
                        <posx>12</posx>
                        <posy>2</posy>
                        <width>1-col</width>
                        <height>53</height>
                        <aspectratio>stretch</aspectratio>
                        <texture border="0">colors/black.png</texture>
                        <bordertexture border="3">colors/black.png</bordertexture>
                        <bordersize>0,0,6,0</bordersize>
                        <colordiffuse>55FFFFFF</colordiffuse>
                    </control>
                    <control type="image" id="2">
                        <visible>ListItem.HasTimer</visible>
                        <posx>12</posx>
                        <posy>2</posy>
                        <width>1-col</width>
                        <height>53</height>
                        <aspectratio>stretch</aspectratio>
                        <texture border="0">colors/selected.png</texture>
                        <bordertexture border="6">colors/black.png</bordertexture>
                        <bordersize>0,0,6,0</bordersize>
                        <colordiffuse>99FFFFFF</colordiffuse>
                        <animation effect="fade" start="75" end="100" time="1500" tween="sine" easing="in" pulse="true" condition="true">Conditional</animation>
                    </control>
                    <control type="label" id="1">
                        <posx>24</posx>
                        <posy>0</posy>
                        <width>auto</width>
                        <font>itemTitleSmallCondensed</font>
                        <textcolor>selected</textcolor>
                        <selectedcolor>selected</selectedcolor>
                        <shadowcolor>-</shadowcolor>
                        <label>$INFO[ListItem.Label]</label>
                    </control>
                </itemlayout>
                <focusedlayout height="1-row" width="1-col">
                    <control type="image" id="14">
                        <posx>12</posx>
                        <posy>2</posy>
                        <width>1-col</width>
                        <height>53</height>
                        <aspectratio>stretch</aspectratio>
                        <texture border="0">colors/selected.png</texture>
                        <bordersize>0</bordersize>
                        <colordiffuse>FFFFFFFF</colordiffuse>
                    </control>
                    <control type="label" id="1">
                        <posx>24</posx>
                        <posy>0</posy>
                        <width>auto</width>
                        <font>itemTitleSmallCondensed</font>
                        <textcolor>black</textcolor>
                        <selectedcolor>black</selectedcolor>
                        <shadowcolor>-</shadowcolor>
                        <label>$INFO[ListItem.Label]</label>
                    </control>
                </focusedlayout>
            </control>
            <!--focussed item-->
            <control type="group">
                <posx>0</posx>
                <posy>580</posy>
                <control type="label">
                    <posx>0</posx>
                    <posy>0</posy>
                    <width>12-col-gutter</width>
                    <font>itemTitle</font>
                    <textcolor>selected</textcolor>
                    <selectedcolor>selected</selectedcolor>
                    <shadowcolor>-</shadowcolor>
                    <label>$INFO[ListItem.starttime,, - ]$INFO[ListItem.endtime,,: ]$INFO[ListItem.Label]</label>
                </control>
                <control type="textbox">
                    <posx>0</posx>
                    <posy>50</posy>
                    <width>21-col-gutter</width>
                    <height>72</height>
                    <font>textboxExtraLeading</font>
                    <textcolor>selected</textcolor>
                    <selectedcolor>selected</selectedcolor>
                    <shadowcolor>-</shadowcolor>
                    <label>[B]$INFO[ListItem.plot][/B]</label>
                </control>
            </control>
        </control>
    </include>
    <include name="LiveTVTimersView">
        <control type="group">
            <description>Timers group</description>
            <visible>Control.IsVisible(14)</visible>
            <control type="group">
                <posx>0</posx>
                <posy>0</posy>
                <control type="panel" id="14">
                    <posx>0</posx>
                    <posy>0</posy>
                    <width>20-col</width>
                    <height>12-row</height>
                    <onleft>9000</onleft>
                    <onright>60</onright>
                    <itemlayout width="20-col" height="1-row">
                        <control type="image">
                            <posx>0</posx>
                            <posy>2</posy>
                            <width>20-col</width>
                            <height>53</height>
                            <aspectratio>stretch</aspectratio>
                            <texture border="24,0,24,0">UIControls/listitemNF.png</texture>
                            <bordersize>0</bordersize>
                            <colordiffuse>99FFFFFF</colordiffuse>
                        </control>
                        <control type="label">
                            <posx>36</posx>
                            <posy>0</posy>
                            <width>12-col-gutter</width>
                            <font>itemTitle</font>
                            <textcolor>selected</textcolor>
                            <shadowcolor>-</shadowcolor>
                            <label>$INFO[ListItem.Label] $INFO[ListItem.ChannelName,(,)]</label>
                        </control>
                        <control type="label">
                            <posx>1380</posx>
                            <posy>0</posy>
                            <width>8-col-gutter</width>
                            <align>right</align>
                            <font>itemTitle</font>
                            <textcolor>selected</textcolor>
                            <shadowcolor>-</shadowcolor>
                            <label>$INFO[ListItem.Date]</label>
                        </control>
                    </itemlayout>
                    <focusedlayout width="20-col" height="1-row">
                        <control type="image">
                            <posx>0</posx>
                            <posy>2</posy>
                            <width>20-col</width>
                            <height>53</height>
                            <aspectratio>stretch</aspectratio>
                            <texture border="24,0,24,0">UIControls/listitemFO.png</texture>
                            <bordersize>0</bordersize>
                            <colordiffuse>FFFFFFFF</colordiffuse>
                        </control>
                        <control type="label">
                            <posx>36</posx>
                            <posy>0</posy>
                            <width>12-col-gutter</width>
                            <font>itemTitle</font>
                            <textcolor>black</textcolor>
                            <selectedcolor>black</selectedcolor>
                            <shadowcolor>-</shadowcolor>
                            <label>$INFO[ListItem.Label] $INFO[ListItem.ChannelName,(,)]</label>
                        </control>
                        <control type="label">
                            <posx>1380</posx>
                            <posy>0</posy>
                            <width>8-col-gutter</width>
                            <align>right</align>
                            <font>itemTitle</font>
                            <textcolor>black</textcolor>
                            <selectedcolor>black</selectedcolor>
                            <shadowcolor>-</shadowcolor>
                            <label>$INFO[ListItem.Date]</label>
                        </control>
                    </focusedlayout>
                </control>
                <!--Additional info-->
                <control type="group">
                    <posx>0</posx>
                    <posy>672</posy>
                    <control type="label">
                        <description>Next timer date</description>
                        <posx>0</posx>
                        <posy>0</posy>
                        <width>12-col-gutter</width>
                        <font>itemTitle</font>
                        <textcolor>selected</textcolor>
                        <selectedcolor>selected</selectedcolor>
                        <label>$INFO[PVR.NextTimer]</label>
                        <visible>PVR.HasTimer</visible>
                    </control>
                </control>
            </control>
        </control>
    </include>
</includes>