<?xml version="1.0" encoding="UTF-8"?>
<window type="dialog" id="5001">
	<defaultcontrol always="true">8001</defaultcontrol>
	<allowoverlay>no</allowoverlay>
	<onload>RunScript(script.artistslideshow)</onload>
	<onunload>activateWindow(MusicLibrary)</onunload>
	<controls>
		<control type="image">
            <include>dimensionsFullscreen</include>
            <texture>colors/black.png</texture>
            <colordiffuse>ffFFFFFF</colordiffuse>
            <aspectratio>stretch</aspectratio>
        </control>
		<control type="group">
			<include>fadeInOut</include>
			<!--fanart-->
			<control type="image">
				<visible>isempty(Window(Visualisation).Property(ArtistSlideshow))</visible>
				<posx>0</posx>
				<posy>0</posy>
				<include>dimensionsFullscreen</include>
				<fadetime>200</fadetime>
				<texture background="true">$INFO[MusicPlayer.Property(Fanart_Image)]</texture>
				<aspectratio align="left" aligny="top">stretch</aspectratio>
				<include>kenBurnsey</include>
			</control>
			<control type="multiimage">
				<visible>!isempty(Window(Visualisation).Property(ArtistSlideshow))</visible>
				<posx>0</posx>
				<posy>0</posy>
				<include>dimensionsFullscreen</include>
				<imagepath background="true">$INFO[Window(Visualisation).Property(ArtistSlideshow)]</imagepath>
				<aspectratio>keep</aspectratio>
				<timeperimage>10000</timeperimage>
				<fadetime>1000</fadetime>
				<randomize>true</randomize>
				<include>kenBurnsey</include>
			</control>
			<!--visualisation-->
			<control type="visualisation" id="2">
				<description>visualisation</description>
				<posx>0</posx>
				<posy>0</posy>
				<include>dimensionsFullscreen</include>
			</control>
			<!--vignettes-->
			<control type="image">
				<posx>0</posx>
				<posy>0</posy>
				<include>dimensionsFullscreen</include>
				<texture>masks/videoGrid.png</texture>
				<colordiffuse>ffffffff</colordiffuse>
				<aspectratio>stretch</aspectratio>
			</control>
			<control type="image">
				<posx>0</posx>
				<posy>0</posy>
				<include>dimensionsFullscreen</include>
				<texture>vignette.png</texture>
				<colordiffuse>ffffffff</colordiffuse>
				<aspectratio>stretch</aspectratio>
			</control>
			<control type="group">
				<!--animations-->
				<animation effect="slide" start="0,200" end="0" delay="300" time="200" tween="sine">WindowOpen</animation>
				<control type="group">
					<posx>col-1-begin</posx>
					<posy>678</posy>
					<control type="image">
						<posx>-96</posx>
						<posy>28</posy>
						<width>2500</width>
						<height>4-row</height>
						<texture>colors/black.png</texture>
						<colordiffuse>ccffffff</colordiffuse>
						<aspectratio>stretch</aspectratio>
					</control>
					<control type="image">
						<posx>-96</posx>
						<posy>256</posy>
						<width>2500</width>
						<height>1-row</height>
						<texture>colors/selected.png</texture>
						<colordiffuse>ccffffff</colordiffuse>
						<aspectratio>stretch</aspectratio>
					</control>
					<control type="image">
						<description>Music cover image</description>
						<posx>0</posx>
						<posy>8</posy>
						<width>4-col-gutter</width>
						<height>4-col-gutter</height>
						<fadetime>200</fadetime>
						<texture fallback="colors/offblack.png">$INFO[MusicPlayer.cover]</texture>
						<aspectratio align="left" aligny="top">stretch</aspectratio>
					</control>
					<control type="label">
						<posx>4-col</posx>
						<posy>48</posy>
						<width>20-col-gutter</width>
						<label>$INFO[MusicPlayer.TrackNumber,,. ]$INFO[MusicPlayer.Title]</label>
						<scroll>true</scroll>
						<align>left</align>
						<font>pageTitle</font>
					</control>
					<control type="label">
						<posx>4-col</posx>
						<posy>92</posy>
						<width>20-col-gutter</width>
						<label>$INFO[MusicPlayer.Artist]</label>
						<align>left</align>
						<font>itemTitle</font>
					</control>
					<control type="label">
						<posx>4-col</posx>
						<posy>136</posy>
						<width>20-col-gutter</width>
						<label>$INFO[MusicPlayer.Album] $INFO[MusicPlayer.year,(,)]</label>
						<align>left</align>
						<font>itemTitle</font>
					</control>
					<control type="label">
						<description>playback time</description>
						<posx>4-col</posx>
						<posy>184</posy>
						<width>12-col</width>
						<label>[B]$INFO[MusicPlayer.Time][/B]</label>
						<font>smallMedium</font>
						<scroll>true</scroll>
					</control>
					<control type="progress">
						<description>Progress Bar</description>
						<posx>396</posx>
						<posy>200</posy>
						<width>13-col</width>
						<info>Player.Progress</info>
					</control>
					<control type="label">
						<description>Duration</description>
						<posx>19-col</posx>
						<posy>184</posy>
						<width>5-col</width>
						<label>[B]$INFO[MusicPlayer.Duration][/B] $INFO[MusicPlayer.offset(1).Artist,| [B]$LOCALIZE[19031][/B] ,: ]$INFO[MusicPlayer.offset(1).Title]</label>
						<font>smallMedium</font>
						<scroll>false</scroll>
					</control>
				</control>
				<!--player controls-->
				<control type="panel" id="8001">
					<posx>370</posx>
		            <posy>926</posy>
		            <width>24-col</width>
		            <height>1-col</height>
		            <itemgap>0</itemgap>
		            <orientation>horizontal</orientation>
					<onright>8002</onright>
		            <itemlayout width="1-col" height="1-col">
						<control type="label">
		                    <posx>26</posx>
		                    <posy>0</posy>
		                    <width>1-col</width>
		                    <height>1-col</height>
		                    <font>symbol</font>
		                    <textcolor>black</textcolor>
		                    <shadowcolor>-</shadowcolor>
		                    <label>$INFO[ListItem.label]</label>
		                </control>
						<control type="label">
							<posx>26</posx>
							<posy>0</posy>
							<width>2-col</width>
							<align>left</align>
							<font>menuTitle</font>
							<textcolor>black</textcolor>
							<label>$INFO[ListItem.label2]</label>
							<shadowcolor>-</shadowcolor>
						</control>
		            </itemlayout>
		            <focusedlayout width="1-col" height="1-col">
		                <control type="image">
		                    <posx>18</posx>
		                    <posy>18</posy>
		                    <width>36</width>
		                    <height>36</height>
		                    <aspectratio scalediffuse="false">scale</aspectratio>
		                    <texture>colors/black.png</texture>
		                    <bordersize>0</bordersize>
		                    <colordiffuse>ffFFFFFF</colordiffuse>
		                </control>
						<control type="label">
		                    <posx>26</posx>
		                    <posy>0</posy>
		                    <width>1-col</width>
		                    <height>1-col</height>
		                    <font>symbol</font>
		                    <textcolor>selected</textcolor>
		                    <shadowcolor>-</shadowcolor>
		                    <label>$INFO[ListItem.label]</label>
		                </control>
						<control type="label">
							<posx>26</posx>
							<posy>0</posy>
							<width>2-col</width>
							<align>left</align>
							<font>menuTitle</font>
							<textcolor>black</textcolor>
							<label>$INFO[ListItem.label2]</label>
							<shadowcolor>-</shadowcolor>
						</control>
		            </focusedlayout>
		            <content>
		                <item id="1">
				            <description>Previous</description>
		                    <label></label>
		                    <thumb>-</thumb>
		                    <onclick>PlayerControl(previous)</onclick>
		                </item>
		                <item id="2">
							<description>Rewind</description>
		                    <label></label>
		                    <thumb>-</thumb>
		                    <onclick>PlayerControl(rewind)</onclick>
		                </item>
		                <item id="3">
							<description>Stop</description>
		                    <label></label>
		                    <thumb>-</thumb>
		                    <onclick>PlayerControl(stop)</onclick>
							<onclick>action(back)</onclick>
		                </item>
		                <item id="4">
							<visible>Player.Playing | player.forwarding | player.rewinding</visible>
							<description>Play/Pause</description>
		                    <label></label>
		                    <thumb>-</thumb>
		                    <onclick>PlayerControl(play)</onclick>
		                </item>
						<item id="5">
							<visible>Player.Paused</visible>
							<description>Pause</description>
		                    <label></label>
		                    <thumb>-</thumb>
		                    <onclick>PlayerControl(play)</onclick>
		                </item>
		                <item id="6">
							<description>Fast forward</description>
		                    <label></label>
		                    <thumb>-</thumb>
		                    <onclick>PlayerControl(forward)</onclick>
		                </item>
						<item id="7">
							<description>Next Track</description>
		                    <label></label>
		                    <thumb>-</thumb>
		                    <onclick>PlayerControl(next)</onclick>
		                </item>
		            </content>
		        </control>
				<!--shuffle and repeat-->
				<control type="panel" id="8002">
					<posx>11-col</posx>
		            <posy>934</posy>
		            <width>24-col</width>
		            <height>1-col</height>
		            <itemgap>0</itemgap>
		            <orientation>horizontal</orientation>
					<onleft>8001</onleft>
					<onright>8003</onright>
		            <itemlayout width="184" height="43">
						
						<control type="label">
							<posx>55</posx>
							<posy>0</posy>
							<width>184</width>
							<align>left</align>
							<font>menuTitle</font>
							<textcolor>black</textcolor>
							<label>$INFO[ListItem.label]</label>
							<shadowcolor>-</shadowcolor>
						</control>

					</itemlayout>

					<focusedlayout width="184" height="43">

						<control type="label">
							<posx>41</posx>
							<posy>0</posy>
							<width>184</width>
							<align>left</align>
							<font>menuTitle</font>
							<textcolor>black</textcolor>
							<label>[ $INFO[ListItem.label] ]</label>
							<shadowcolor>-</shadowcolor>
						</control>

					</focusedlayout>
		            <content>
		                <item id="8">
							<description>Repeat</description>
							<label>$VAR[repeatState]</label>
		                    <thumb>-</thumb>
		                    <onclick>PlayerControl(Repeat)</onclick>
		                </item>
						<item id="9">
							<description>Shuffle</description>
							<label>$VAR[shuffleState]</label>
		                    <thumb>-</thumb>
		                    <onclick>PlayerControl(Random)</onclick>
		                </item>
		            </content>
				</control>
				<!--visualisation options etc-->
				<control type="panel" id="8003">
		            <posx>1406</posx>
		            <posy>934</posy>
		            <width>24-col</width>
		            <height>1-col</height>
		            <itemgap>0</itemgap>
		            <orientation>horizontal</orientation>
					<onleft>8002</onleft>
		            <itemlayout width="184" height="43">
						
						<control type="label">
							<posx>55</posx>
							<posy>0</posy>
							<width>184</width>
							<align>left</align>
							<font>menuTitle</font>
							<textcolor>black</textcolor>
							<label>$INFO[ListItem.label]</label>
							<shadowcolor>-</shadowcolor>
						</control>

					</itemlayout>

					<focusedlayout width="184" height="43">

						<control type="label">
							<posx>42</posx>
							<posy>0</posy>
							<width>184</width>
							<align>left</align>
							<font>menuTitle</font>
							<textcolor>black</textcolor>
							<label>[ $INFO[ListItem.label] ]</label>
							<shadowcolor>-</shadowcolor>
						</control>

					</focusedlayout>
		            <content>
		                <item id="1">
				            <description>Playlist</description>
		                    <label>31097</label>
		                    <thumb>-</thumb>
							<onclick>dialog.close(5001)</onclick>
		                    <onclick>activateWindow(musicplaylist)</onclick>
		                </item>
						<item id="2">
				            <description>Visualisation</description>
		                    <label>31032</label>
		                    <thumb>-</thumb>
							<onclick>activateWindow(musicOSD)</onclick>
		                </item>
		            </content>
		        </control>
			</control>
		</control>
		<!--debugging-->
		<include>DebugGrid</include>
		<control type="label">
			<include>DialogID</include>
			<label>custom_musicPlayerFullscreen.xml</label>
		</control>
	</controls>
</window>
