<?xml version="1.0" encoding="UTF-8"?>
<includes>
    <default type="label">
        <posx>0</posx>
        <posy>0</posy>
        <label>-</label>
        <height>57</height>
        <align>left</align>
        <aligny>center</aligny>
        <textoffsetx>0</textoffsetx>
        <font>regular</font>
        <textcolor>selected</textcolor>
        <focusedcolor>selected</focusedcolor>
        <selectedcolor>selected</selectedcolor>
        <disabledcolor>disabled</disabledcolor>
        <shadowcolor>44000000</shadowcolor>
    </default>
    <default type="textbox">
        <label>-</label>
        <font>regular</font>
        <textcolor>selected</textcolor>
    </default>
    <default type="fadelabel">
        <posx>0</posx>
        <posy>0</posy>
        <height>57</height>
        <label>-</label>
        <align>left</align>
        <aligny>center</aligny>
        <font>regular</font>
        <textcolor>selected</textcolor>
        <textoffsetx>0</textoffsetx>
        <focusedcolor>selected</focusedcolor>
        <selectedcolor>selected</selectedcolor>
        <disabledcolor>disabled</disabledcolor>
        <scrollout>false</scrollout>
        <pauseatend>2000</pauseatend>
    </default>
    <default type="image">
        <posx>0</posx>
        <posy>0</posy>
        <width>-</width>
        <height>-</height>
        <align>center</align>
        <aligny>center</aligny>
        <texture>-</texture>
    </default>
    <default type="button">
        <posx>0</posx>
        <posy>0</posy>
        <width>4-col</width>
        <height>1-row</height>
        <font>small</font>
        <aligny>center</aligny>
        <align>left</align>
        <textoffsetx>0</textoffsetx>
        <focusedcolor>black</focusedcolor>
        <textcolor>unselected</textcolor>
        <disabledcolor>disabled</disabledcolor>
		<invalidcolor>disabled</invalidcolor>
        <pulseonselect>false</pulseonselect>
    </default>
    <default type="togglebutton">
        <posx>0</posx>
        <posy>0</posy>
        <width>2-col</width>
        <height>54</height>
        <align>left</align>
        <aligny>center</aligny>
        <textoffsetx>0</textoffsetx>
        <label>-</label>
        <texturefocus>-</texturefocus>
        <texturenofocus>-</texturenofocus>
        <font>itemTitle</font>
        <textcolor>unselected</textcolor>
        <focusedcolor>selected</focusedcolor>
        <disabledcolor>disabled</disabledcolor>
        <pulseonselect>false</pulseonselect>
        <colordiffuse>ffFFFFFF</colordiffuse>
    </default>
    <default type="radiobutton">
        <posx>0</posx>
        <posy>0</posy>
        <width>-</width>
        <height>54</height>
        <align>left</align>
        <aligny>center</aligny>
        <textoffsetx>12</textoffsetx>
        <textoffsety>0</textoffsety>
        <font>itemTitle</font>
        <label>-</label>
        <textcolor>selected</textcolor>
        <focusedcolor>black</focusedcolor>
        <disabledcolor>disabled</disabledcolor>
        <radiowidth>64</radiowidth>
        <radioheight>64</radioheight>
        <radioposx></radioposx>
        <radioposy></radioposy>
        <texturefocus>colors/selected.png</texturefocus>
        <texturenofocus>-</texturenofocus>
        <textureradiofocus>UIControls/radio-button-fo.png</textureradiofocus>
        <textureradionofocus>UIControls/radio-button-nf.png</textureradionofocus>
        <pulseonselect>false</pulseonselect>
        <colordiffuse>FFFFFFFF</colordiffuse>
    </default>
    <default type="spincontrolex">
        <posx>0</posx>
        <posy>0</posy>
        <width>-</width>
        <height>54</height>
        <align>left</align>
        <aligny>center</aligny>
        <textoffsetx>12</textoffsetx>
        <font>itemTitle</font>
        <label>-</label>
        <textcolor>selected</textcolor>
        <focusedcolor>black</focusedcolor>
        <disabledcolor>disabled</disabledcolor>
        <spinwidth>30</spinwidth>
        <spinheight>30</spinheight>
        <texturefocus>colors/selected.png</texturefocus>
        <texturenofocus>-</texturenofocus>
        <textureup>UIControls/arrow-up-nf.png</textureup>
        <texturedown>UIControls/arrow-down-nf.png</texturedown>
        <textureupfocus>UIControls/arrow-up-fo.png</textureupfocus>
        <texturedownfocus>UIControls/arrow-down-fo.png</texturedownfocus>
        <pulseonselect>false</pulseonselect>
    </default>
    <default type="spincontrol">
        <posx>0</posx>
        <posy>0</posy>
        <width>-</width>
        <height>54</height>
        <align>left</align>
        <aligny>center</aligny>
        <textoffsetx>12</textoffsetx>
        <font>itemTitle</font>
        <label>-</label>
        <textcolor>selected</textcolor>
        <focusedcolor>black</focusedcolor>
        <disabledcolor>disabled</disabledcolor>
        <spinwidth>36</spinwidth>
        <spinheight>36</spinheight>
        <texturefocus>colors/selected.png</texturefocus>
        <texturenofocus>-</texturenofocus>
        <textureup>UIControls/arrow-up-nf.png</textureup>
        <texturedown>UIControls/arrow-down-nf.png</texturedown>
        <textureupfocus>UIControls/arrow-up-fo.png</textureupfocus>
        <texturedownfocus>UIControls/arrow-down-fo.png</texturedownfocus>
        <pulseonselect>false</pulseonselect>
    </default>
    <!--used in audio settings etc-->
    <default type="sliderex">
        <posx>0</posx>
        <posy>0</posy>
        <width>-</width>
        <height>54</height>
        <font>itemTitle</font>
        <textoffsetx>12</textoffsetx>
        <textoffsety>0</textoffsety>
        <textcolor>selected</textcolor>
        <focusedcolor>black</focusedcolor>
        <disabledcolor>disabled</disabledcolor>
        <texturenofocus>-</texturenofocus>
        <texturefocus>colors/selected.png</texturefocus>
        <sliderwidth>0</sliderwidth>
        <sliderheight>0</sliderheight>
        <texturesliderbar>-</texturesliderbar>
        <textureslidernib>-</textureslidernib>
        <textureslidernibfocus>-</textureslidernibfocus>
        <pulseonselect>false</pulseonselect>
    </default>
    <default type="progress">
        <height>12</height>
        <texturebg border="0">-</texturebg>
        <midtexture border="10">colors/selected.png</midtexture>
        <righttexture>-</righttexture>
        <overlaytexture>-</overlaytexture>
    </default>
    <default type="scrollbar">
        <width>12</width>
        <texturesliderbackground>colors/black.png</texturesliderbackground>
        <texturesliderbarfocus>colors/selected.png</texturesliderbarfocus>
        <showonepage>false</showonepage>
        <orientation>vertical</orientation>
    </default>
</includes>