<?xml version="1.0" encoding="UTF-8"?>
<window>
    <defaultcontrol always="true">10</defaultcontrol>
    <coordinates>
        <origin x="0" y="0" />
    </coordinates>
    <controls>
        <control type="group">
            <posx>col-19-begin</posx>
            <posy>row-2-begin</posy>
            <!--animations-->
            <animation type="Windowclose">
                <effect type="fade" start="100" end="0" time="400" tween="sine" />
            </animation>
            <control type="image">
                <posx>0</posx>
                <posy>-12</posy>
                <width>8-col</width>
                <height>102</height>
                <texture>colors/selected.png</texture>
                <colordiffuse>eeFFFFFF</colordiffuse>
                <!--animations-->
                <animation type="Windowopen">
                    <effect type="slide" start="1000,0" end="0,0" time="400" tween="sine" />
                </animation>
            </control>
            <control type="label">
                <description>header label</description>
                <posx>24</posx>
                <posy>-12</posy>
                <font>smallStrong</font>
                <width>468</width>
                <height>1-row</height>
                <label>$INFO[Control.GetLabel(1)] $INFO[System.Progressbar,- ,%]</label>
                <textcolor>black</textcolor>
                <shadowcolor>-</shadowcolor>
                <!--animations-->
                <animation type="Windowopen">
                    <effect type="fade" start="0" end="100" delay="400" time="400" tween="sine" />
                </animation>
            </control>
            <control type="label">
                <description>message</description>
                <posx>24</posx>
                <posy>30</posy>
                <font>pageTitle</font>
                <textcolor>black</textcolor>
                <width>468</width>
                <height>1-row</height>
                <label>$INFO[control.getlabel(2)] $INFO[control.getlabel(3)] $INFO[control.getlabel(4)]</label>
                <scroll>true</scroll>
                <shadowcolor>-</shadowcolor>
                <!--animations-->
                <animation type="Windowopen">
                    <effect type="fade" start="0" end="100" delay="600" time="400" tween="sine" />
                </animation>
            </control>
        </control>
        <!--hidden labels-->
        <control type="group">
            <visible>false</visible>
            <control type="label" id="1">
                <description>fake heading label</description>
            </control>
            <control type="label" id="2">
                <description>dialog line 1</description>
            </control>
            <control type="label" id="3">
                <description>dialog line 2</description>
            </control>
            <control type="label" id="4">
                <description>dialog line 3</description>
            </control>
        </control>
    </controls>
</window>
