<?xml version="1.0" encoding="UTF-8"?>
<window>
    <defaultcontrol always="true">901</defaultcontrol>
    <allowoverlay>yes</allowoverlay>
    <visible>!Window.IsActive(DialogSubtitles.xml) + !Window.IsActive(script-XBMC-Subtitles-main.xml) + !Window.IsVisible(fullscreeninfo) + [VideoPlayer.IsFullscreen + !Window.IsVisible(visualisation)] + [Player.Seeking | Player.DisplayAfterSeek | Player.Paused | Player.Forwarding | Player.Rewinding]</visible>
    <controls>
        <control type="group">
            <posx>col-1-begin</posx>
            <posy>row-9-begin</posy>
            <!--animations-->
            <animation type="Windowopen">
                <effect type="fade" start="0" end="100" time="300" />
                <effect type="rotatex" start="90,0" end="0,0" center="540,0" tween="cubic" easing="out" time="400" />
            </animation>
            <animation type="Windowclose">
                <effect type="fade" start="100" end="0" delay="500" time="300" />
                <effect type="rotatex" start="0,0" end="-90,0" center="540,0" tween="cubic" easing="out" delay="500" time="400" />
            </animation>
            <!--background-->
            <control type="image">
                <posx>-200</posx>
                <posy>-12</posy>
                <width>2500</width>
                <height>175</height>
                <aspectratio>stretch</aspectratio>
                <texture>colors/black.png</texture>
                <colordiffuse>99FFFFFF</colordiffuse>
            </control>
            <control type="label">
				<visible>Player.Playing | player.seeking</visible>
                <posx>3-col</posx>
                <posy>-12</posy>
                <width>16-col-gutter</width>
                <font>smallStrong</font>
                <textcolor>selected</textcolor>
                <label>31120</label>
                <shadowcolor>-</shadowcolor>
            </control>
			<control type="label">
				<visible>Player.Paused</visible>
                <posx>3-col</posx>
                <posy>-12</posy>
                <width>16-col-gutter</width>
                <font>smallStrong</font>
                <textcolor>selected</textcolor>
                <label>112</label>
                <shadowcolor>-</shadowcolor>
            </control>
			<control type="label">
				<visible>System.HasMediaDVD</visible>
                <posx>21-col</posx>
                <posy>-12</posy>
                <width>4-col-gutter</width>
                <font>smallStrong</font>
				<align>right</align>
                <textcolor>selected</textcolor>
                <label>$INFO[Player.Chapter,$LOCALIZE[31141] ,/]$INFO[Player.ChapterCount]</label>
                <shadowcolor>-</shadowcolor>
            </control>
            <control type="label">
                <posx>308</posx>
                <posy>-13</posy>
                <width>12-col</width>
                <font>smallMedium</font>
                <textcolor>selected</textcolor>
                <label>[UPPERCASE]$INFO[VideoPlayer.TVShowTitle][/UPPERCASE]</label>
                <shadowcolor>-</shadowcolor>
            </control>
            <control type="label">
                <posx>3-col</posx>
                <posy>31</posy>
                <width>18-col</width>
                <font>dialogTitle</font>
                <textcolor>selected</textcolor>
                <label>[UPPERCASE]$INFO[Player.Title][/UPPERCASE]</label>
                <shadowcolor>-</shadowcolor>
                <scroll>true</scroll>
            </control>
            <control type="progress">
                <description>Progress Bar</description>
                <posx>3-col</posx>
                <posy>92</posy>
                <width>18-col</width>
                <info>Player.Progress</info>
            </control>
            <control type="label">
                <posx>3-col</posx>
                <posy>110</posy>
                <width>24-col</width>
                <font>smallStrong</font>
                <textcolor>selected</textcolor>
                <label>$INFO[Player.Time]</label>
                <shadowcolor>-</shadowcolor>
            </control>
			<control type="label">
                <posx>312</posx>
                <posy>110</posy>
                <width>24-col</width>
                <font>smallStrong</font>
                <textcolor>selected</textcolor>
                <label>$INFO[Player.finishtime,| $LOCALIZE[19127]: ,]</label>
                <shadowcolor>-</shadowcolor>
            </control>
            <control type="label">
                <posx>1512</posx>
                <posy>110</posy>
                <width>24-col</width>
                <font>smallStrong</font>
                <align>right</align>
                <textcolor>selected</textcolor>
                <label>$INFO[Player.Duration]</label>
                <shadowcolor>-</shadowcolor>
            </control>
        </control>
        <!--ff / rw speed indicators-->
        <control type="group">
            <posx>col-10-begin</posx>
            <posy>row-2-begin</posy>
            <control type="label">
                <visible>Player.Rewinding | Player.Forwarding</visible>
                <posx>0</posx>
                <posy>0</posy>
                <width>24-col</width>
                <align>center</align>
                <font>veryLarge</font>
                <textcolor>44ffffff</textcolor>
                <label>$VAR[seekSpeed]</label>
                <shadowcolor>-</shadowcolor>
            </control>
        </control>
        <!--debugging-->
        <include>DebugGrid</include>
        <control type="label">
            <include>DialogID</include>
            <label>DialogSeekbar.xml</label>
        </control>
    </controls>
</window>
