<?xml version="1.0" encoding="UTF-8"?>
<window>
    <defaultcontrol always="true">8000</defaultcontrol>
    <controls>
        <control type="group">
            <!--background-->
            <control type="group">
                <include>fadeInOut</include>
                <control type="image">
                    <include>dimensionsFullscreen</include>
                    <texture>colors/black.png</texture>
                    <colordiffuse>eeFFFFFF</colordiffuse>
                    <aspectratio>stretch</aspectratio>
                </control>
            </control>
            <!--content-->
            <control type="group">
                <posx>col-7-begin</posx>
                <posy>row-6-begin</posy>
                <include>modalDialogInOut</include>
                <!--titles-->
                <control type="label">
                    <posx>0</posx>
                    <posy>0</posy>
                    <width>12-col</width>
                    <align>left</align>
                    <font>itemTitleSmall</font>
                    <textcolor>selected</textcolor>
                    <label>$INFO[listitem.channelname,, • ]$INFO[ListItem.startdate] • $INFO[ListItem.duration]</label>
                </control>
                <control type="label">
                    <description>Episode title</description>
                    <posx>0</posx>
                    <posy>1-row</posy>
                    <width>12-col</width>
                    <align>left</align>
                    <font>mediumStrong</font>
                    <scroll>true</scroll>
                    <textcolor>selected</textcolor>
                    <label>$INFO[ListItem.Label]</label>
                </control>
                <!--synopsis-->
                <control type="textbox">
                    <posx>0</posx>
                    <posy>120</posy>
                    <font>textboxExtraLeading</font>
                    <width>12-col</width>
                    <align>left</align>
                    <textcolor>selected</textcolor>
                    <height>174</height>
                    <label>[B]$INFO[ListItem.plot][/B]</label>
                    <autoscroll delay="10000" time="1000" repeat="10000"></autoscroll>
                </control>
                <!--dialog controls-->
                <control type="list" id="8000">
                    <posx>0</posx>
                    <posy>330</posy>
                    <width>12-col</width>
                    <height>1-row</height>
                    <itemgap>3</itemgap>
                    <orientation>horizontal</orientation>
                    <itemlayout width="6-col" height="1-row">
                        <control type="image">
                            <posx>0</posx>
                            <posy>2</posy>
                            <width>6-col</width>
                            <height>53</height>
                            <aspectratio>stretch</aspectratio>
                            <texture>colors/black.png</texture>
                        </control>
                        <control type="label">
                            <posx>24</posx>
                            <posy>0</posy>
                            <width>1-col</width>
                            <font>symbol</font>
                            <textcolor>selected</textcolor>
                            <label>$INFO[ListItem.label2]</label>
                            <shadowcolor>-</shadowcolor>
                        </control>
                        <control type="label">
                            <posx>1-col</posx>
                            <posy>2</posy>
                            <width>6-col</width>
                            <font>menuTitle</font>
                            <textcolor>selected</textcolor>
                            <label>$INFO[ListItem.label]</label>
                            <shadowcolor>-</shadowcolor>
                        </control>
                    </itemlayout>
                    <focusedlayout width="6-col" height="1-row">
                        <control type="image">
                            <posx>0</posx>
                            <posy>2</posy>
                            <width>6-col</width>
                            <height>53</height>
                            <aspectratio>stretch</aspectratio>
                            <texture>colors/selected.png</texture>
                        </control>
                        <control type="label">
                            <posx>24</posx>
                            <posy>0</posy>
                            <width>1-col</width>
                            <font>symbol</font>
                            <textcolor>black</textcolor>
                            <label>$INFO[ListItem.label2]</label>
                            <shadowcolor>-</shadowcolor>
                        </control>
                        <control type="label">
                            <posx>1-col</posx>
                            <posy>2</posy>
                            <width>6-col</width>
                            <font>menuTitle</font>
                            <textcolor>black</textcolor>
                            <label>$INFO[ListItem.label]</label>
                            <shadowcolor>-</shadowcolor>
                        </control>
                    </focusedlayout>
                    <content>
                        <item id="1">
                            <label>31075</label>
                            <label2></label2>
                            <thumb>-</thumb>
                            <onclick>sendclick(2003,10)</onclick>
                        </item>
                    </content>
                </control>
            </control>
        </control>
        <!--buttons-->
        <control type="group">
            <visible>false</visible>
            <control type="button" id="10">
                <description>Play</description>
            </control>
        </control>
        <!--debugging-->
        <include>DebugGrid</include>
        <control type="label">
            <include>WindowID</include>
            <label>DialogPVRRecordingInfo.xml</label>
        </control>
    </controls>
</window>