<?xml version="1.0" encoding="UTF-8"?>
<!--power menu-->
<window type="buttonMenu">
    <defaultcontrol always="true">8000</defaultcontrol>
    <allowoverlay>yes</allowoverlay>
    <include>fadeInOut</include>
    <controls>
        <include>modalDialog</include>
        <control type="group">
            <posx>0</posx>
            <posy>522</posy>
            <!--animations-->
            <include>modalDialogInOut</include>
            <control type="image">
                <posx>0</posx>
                <posy>-12</posy>
                <width>fullscreenWidth</width>
                <height>1-row</height>
                <texture>colors/selected.png</texture>
                <colordiffuse>ffffffff</colordiffuse>
                <aspectratio>stretch</aspectratio>
            </control>
            <control type="list" id="8000">
                <posx>col-1-begin</posx>
                <posy>-10</posy>
                <width>24-col</width>
                <height>1-row</height>
                <itemgap>0</itemgap>
                <orientation>horizontal</orientation>
                <itemlayout width="4-col-gutter" height="43">
                    <control type="label">
                        <posx>132</posx>
                        <posy>0</posy>
                        <width>4-col-gutter</width>
						<align>center</align>
                        <font>menuTitle</font>
                        <textcolor>black</textcolor>
                        <label>$INFO[ListItem.label]</label>
                        <shadowcolor>-</shadowcolor>
                    </control>
                </itemlayout>
                <focusedlayout width="4-col-gutter" height="43">
                    <control type="label">
                        <posx>132</posx>
                        <posy>0</posy>
                        <width>4-col-gutter</width>
						<align>center</align>
                        <font>menuTitle</font>
                        <textcolor>black</textcolor>
                        <label>[ $INFO[ListItem.label] ]</label>
                        <shadowcolor>-</shadowcolor>
                    </control>
                </focusedlayout>
                <content>
                    <item id="1">
                        <label>13016</label>
                        <visible>System.CanPowerDown + !Skin.HasSetting(exitFirst)</visible>
                        <thumb>-</thumb>
                        <onclick>xbmc.powerdown()</onclick>
                    </item>
					<item id="2">
                        <description>Exit to desktop</description>
						<visible>Skin.HasSetting(exitFirst)</visible>
                        <label>13012</label>
                        <thumb>-</thumb>
                        <onclick>XBMC.Quit()</onclick>
                    </item>
                    <item id="3">
                        <label>13011</label>
                        <visible>System.CanSuspend</visible>
                        <thumb>-</thumb>
                        <onclick>XBMC.Suspend()</onclick>
                    </item>
                    <item id="4">
                        <label>13010</label>
                        <visible>System.CanHibernate</visible>
                        <thumb>-</thumb>
                        <onclick>XBMC.Hibernate()</onclick>
                    </item>
                    <item id="5">
                        <label>13013</label>
                        <thumb>-</thumb>
                        <onclick>XBMC.Reset()</onclick>
                    </item>
					<item id="6">
                        <label>$LOCALIZE[20126] $INFO[system.profilename]</label>
						<visible>System.HasLoginScreen | IntegerGreaterThan(System.ProfileCount,1)</visible>
						<visible>System.Loggedon</visible>
                        <thumb>-</thumb>
                        <onclick>sendclick(9)</onclick>
                    </item>
                    <item id="7">
                        <description>Exit to desktop</description>
						<visible>!Skin.HasSetting(exitFirst)</visible>
                        <label>13012</label>
                        <thumb>-</thumb>
                        <onclick>XBMC.Quit()</onclick>
                    </item>
					<item id="8">
                        <label>13016</label>
                        <visible>System.CanPowerDown + Skin.HasSetting(exitFirst)</visible>
                        <thumb>-</thumb>
                        <onclick>xbmc.powerdown()</onclick>
                    </item>
                </content>
            </control>
        </control>
		<!--error message fields (placeholders)-->
        <control type="group">
            <visible>false</visible>
            <control type="button" id="9">
                <description>Logoff user</description>
            </control>
        </control>
        <!--debugging-->
        <include>DebugGrid</include>
        <control type="label">
            <include>DialogID</include>
            <label>DialogButtonMenu.xml</label>
        </control>
    </controls>
</window>