<?xml version="1.0" encoding="UTF-8"?>
<window>
    <defaultcontrol always="true">-</defaultcontrol>
    <allowoverlay>yes</allowoverlay>
    <controls>
        <control type="group">
            <posx>col-19-begin</posx>
            <posy>row-2-begin</posy>
            <visible>!player.passthrough</visible>
            <control type="image">
                <posx>0</posx>
                <posy>-12</posy>
                <width>8-col</width>
                <height>102</height>
                <texture>colors/selected.png</texture>
                <colordiffuse>eeFFFFFF</colordiffuse>
            </control>
            <control type="label">
                <posx>24</posx>
                <posy>-12</posy>
                <width>2-col</width>
                <font>smallStrong</font>
                <textcolor>black</textcolor>
                <shadowcolor>-</shadowcolor>
                <label>13376</label>
            </control>
            <control type="label">
                <description>message</description>
                <posx>24</posx>
                <posy>30</posy>
                <font>pageTitle</font>
                <textcolor>black</textcolor>
                <width>468</width>
                <height>1-row</height>
                <label>$INFO[player.volume]</label>
                <scroll>true</scroll>
                <shadowcolor>-</shadowcolor>
            </control>
        </control>
        <!--debugging-->
        <include>DebugGrid</include>
        <control type="label">
            <include>DialogID</include>
            <label>DialogVolumeBar.xml</label>
        </control>
    </controls>
</window>