<?xml version="1.0" encoding="UTF-8"?>
<window>
    <defaultcontrol always="true">450</defaultcontrol>
    <allowoverlay>yes</allowoverlay>
    <include>fadeInOut</include>
    <controls>
        <!--background-->
        <control type="image">
            <include>dimensionsFullscreen</include>
            <texture>colors/black.png</texture>
            <aspectratio>stretch</aspectratio>
            <colordiffuse>ffffffff</colordiffuse>
        </control>
        <!--fanart (if available)-->
        <control type="image">
            <visible>SubString(ListItem.label,fanart)</visible>
            <include>dimensionsFullscreen</include>
            <texture>$INFO[listitem.thumb]</texture>
            <colordiffuse>6affffff</colordiffuse>
            <aspectratio>stretch</aspectratio>
            <fadetime>400</fadetime>
        </control>
        <!--poster (if available)-->
        <control type="image">
            <visible>SubString(ListItem.label,remote art)</visible>
            <include>dimensionsFullscreen</include>
            <texture>$INFO[listitem.thumb]</texture>
            <colordiffuse>6affffff</colordiffuse>
            <aspectratio>keep</aspectratio>
            <fadetime>400</fadetime>
        </control>
        <control type="image">
            <include>dimensionsFullscreen</include>
            <texture>colors/black.png</texture>
            <aspectratio>stretch</aspectratio>
            <colordiffuse>99ffffff</colordiffuse>
        </control>
        <!--file list-->
        <control type="group">
            <posx>col-5-begin</posx>
            <posy>row-2-begin</posy>
            <!--animations-->
            <include>modalDialogInOutVertical</include>
            <control type="image">
                <posx>-384</posx>
                <posy>44</posy>
                <width>fullscreenWidth</width>
                <height>1-row</height>
                <texture>colors/selected.png</texture>
                <colordiffuse>ffffffff</colordiffuse>
                <aspectratio>stretch</aspectratio>
            </control>
            <control type="image">
                <posx>-3</posx>
                <posy>44</posy>
                <width>3</width>
                <height>1-row</height>
                <texture>colors/black.png</texture>
                <colordiffuse>ffffffff</colordiffuse>
                <aspectratio>stretch</aspectratio>
            </control>
            <control type="label">
                <posx>12</posx>
                <posy>47</posy>
                <width>16-col</width>
                <font>pageTitle</font>
                <label>31089</label>
                <textcolor>black</textcolor>
                <shadowcolor>-</shadowcolor>
            </control>
            <control type="panel" id="450">
                <posx>0</posx>
                <posy>120</posy>
                <width>12-col</width>
                <height>11-row</height>
                <onright>9000</onright>
                <itemlayout height="1-row" width="12-col">
                    <control type="image">
                        <posx>0</posx>
                        <posy>2</posy>
                        <width>12-col-gutter</width>
                        <height>53</height>
                        <aspectratio>stretch</aspectratio>
                        <texture border="24,0,24,0">UIControls/listitemNF.png</texture>
                        <bordersize>0</bordersize>
                        <colordiffuse>99FFFFFF</colordiffuse>
                    </control>
                    <control type="image">
                        <posx>4</posx>
                        <posy>4</posy>
                        <width>48</width>
                        <height>48</height>
                        <aspectratio scalediffuse="false">scale</aspectratio>
                        <texture fallback="colors/offblack.png" diffuse="masks/circle.png" border="0">$INFO[Listitem.icon]</texture>
                    </control>
                    <control type="label">
                        <posx>1-col</posx>
                        <posy>0</posy>
                        <width>11-col-gutter</width>
                        <font>itemTitle</font>
                        <textcolor>selected</textcolor>
                        <shadowcolor>-</shadowcolor>
                        <label>$INFO[ListItem.Label]</label>
                    </control>
                </itemlayout>
                <focusedlayout height="1-row" width="12-col">
                    <control type="image">
                        <posx>0</posx>
                        <posy>2</posy>
                        <width>12-col-gutter</width>
                        <height>53</height>
                        <aspectratio>stretch</aspectratio>
                        <texture border="24,0,24,0">UIControls/listitemFO.png</texture>
                        <bordersize>0</bordersize>
                        <colordiffuse>FFFFFFFF</colordiffuse>
                    </control>
                    <control type="image">
                        <posx>4</posx>
                        <posy>4</posy>
                        <width>48</width>
                        <height>48</height>
                        <aspectratio scalediffuse="false">scale</aspectratio>
                        <texture fallback="colors/offblack.png" diffuse="masks/circle.png" border="0">$INFO[Listitem.icon]</texture>
                    </control>
                    <control type="label">
                        <posx>1-col</posx>
                        <posy>0</posy>
                        <width>11-col-gutter</width>
                        <font>itemTitle</font>
                        <textcolor>black</textcolor>
                        <selectedcolor>black</selectedcolor>
                        <shadowcolor>-</shadowcolor>
                        <label>$INFO[ListItem.Label]</label>
                    </control>
                </focusedlayout>
            </control>
            <!--larger thumbnail-->
            <control type="image">
                <posx>12-col</posx>
                <posy>5-row</posy>
                <width>6-col</width>
                <height>6-col</height>
                <aspectratio scalediffuse="false" align="left" aligny="center">keep</aspectratio>
                <texture border="0">$INFO[Listitem.icon]</texture>
                <fadetime>200</fadetime>
            </control>
            <!--OK / Cancel / New folder buttons-->
            <control type="panel" id="9000">
                <posx>12-col</posx>
                <posy>120</posy>
                <width>4-col</width>
                <height>5-row</height>
                <itemgap>3</itemgap>
                <orientation>vertical</orientation>
                <onleft>450</onleft>
                <itemlayout width="4-col" height="1-row">
                    <control type="image">
                        <posx>0</posx>
                        <posy>2</posy>
                        <width>4-col</width>
                        <height>53</height>
                        <aspectratio>stretch</aspectratio>
                        <texture>colors/black.png</texture>
                    </control>
                    <control type="label">
                        <posx>24</posx>
                        <posy>0</posy>
                        <width>1-col</width>
                        <font>symbol</font>
                        <textcolor>selected</textcolor>
                        <label>$INFO[ListItem.label2]</label>
                        <shadowcolor>-</shadowcolor>
                    </control>
                    <control type="label">
                        <posx>1-col</posx>
                        <posy>2</posy>
                        <width>4-col</width>
                        <font>menuTitle</font>
                        <textcolor>selected</textcolor>
                        <label>$INFO[ListItem.label]</label>
                        <shadowcolor>-</shadowcolor>
                    </control>
                </itemlayout>
                <focusedlayout width="4-col" height="1-row">
                    <control type="image">
                        <posx>0</posx>
                        <posy>2</posy>
                        <width>4-col</width>
                        <height>53</height>
                        <aspectratio>stretch</aspectratio>
                        <texture>colors/selected.png</texture>
                    </control>
                    <control type="label">
                        <posx>24</posx>
                        <posy>0</posy>
                        <width>1-col</width>
                        <font>symbol</font>
                        <textcolor>black</textcolor>
                        <label>$INFO[ListItem.label2]</label>
                        <shadowcolor>-</shadowcolor>
                    </control>
                    <control type="label">
                        <posx>1-col</posx>
                        <posy>2</posy>
                        <width>4-col</width>
                        <font>menuTitle</font>
                        <textcolor>black</textcolor>
                        <label>$INFO[ListItem.label]</label>
                        <shadowcolor>-</shadowcolor>
                    </control>
                </focusedlayout>
                <content>
                    <item id="1">
                        <description>Ok Button</description>
                        <label>186</label>
                        <label2></label2>
                        <thumb>-</thumb>
                        <onclick>SendClick(126,413)</onclick>
                    </item>
                    <item id="2">
                        <description>Cancel Button</description>
                        <label>222</label>
                        <label2></label2>
                        <thumb>-</thumb>
                        <onclick>SendClick(126,414)</onclick>
                    </item>
                    <item id="3">
                        <visible>Control.IsEnabled(415)</visible>
                        <description>New Folder Button</description>
                        <label>31048</label>
                        <label2></label2>
                        <thumb>-</thumb>
                        <onclick>SendClick(126,415)</onclick>
                    </item>
                </content>
            </control>
        </control>
        <!--buttons-->
        <control type="group">
            <visible>false</visible>
            <control type="button" id="413">
                <description>OK</description>
            </control>
            <control type="button" id="414">
                <description>Cancel</description>
            </control>
            <control type="button" id="415">
                <description>New folder</description>
            </control>
        </control>
        <!--debugging-->
        <include>DebugGrid</include>
        <control type="label">
            <include>DialogID</include>
            <label>FileBrowser.xml</label>
        </control>
    </controls>
</window>