<?xml version="1.0" encoding="UTF-8"?>
<!--Skin variables-->
<includes>
    <variable name="seekSpeed">
        <value condition="Player.Forwarding2x">FF 2x</value>
        <value condition="Player.Forwarding4x">FF 4x</value>
        <value condition="Player.Forwarding8x">FF 8x</value>
        <value condition="Player.Forwarding16x">FF 16x</value>
        <value condition="Player.Forwarding32x">FF 32x</value>
        <value condition="Player.Rewinding2x">RW 2x</value>
        <value condition="Player.Rewinding4x">RW 4x</value>
        <value condition="Player.Rewinding8x">RW 8x</value>
        <value condition="Player.Rewinding16x">RW 16x</value>
        <value condition="Player.Rewinding32x">RW 32x</value>
    </variable>
    <!--fanart selection-->
    <variable name="fanartType">
        <value condition="Window.IsActive(videolibrary)">$INFO[Skin.String(videoFanartLocation)]</value>
        <value condition="Window.IsActive(musiclibrary)">$INFO[Skin.String(musicFanartLocation)]</value>
        <value condition="Window.IsActive(musicfiles)">$INFO[Skin.String(musicFanartLocation)]</value>
        <value condition="Window.IsActive(pvr) + control.isvisible(12)">$INFO[Skin.String(musicFanartLocation)]</value>
		<value condition="Window.IsActive(pvr)">$INFO[Skin.String(videoFanartLocation)]</value>
        <value condition="Window.IsActive(programs)">$INFO[Skin.String(videoFanartLocation)]</value>
        <!--default to video fanart-->
        <value>$INFO[Skin.String(videoFanartLocation)]</value>
    </variable>
    <!--folder titles-->
    <variable name="listTitle">
        <value condition="Window.IsActive(videolibrary) + SubString(skin.string(showRecentVideoItems),true)">$LOCALIZE[20343]</value>
        <value condition="Window.IsActive(musiclibrary) + SubString(skin.string(showRecentMusicItems),true)">$LOCALIZE[31053]</value>
        <value condition="Window.IsActive(musicfiles) + SubString(container.foldername,add-ons)">$LOCALIZE[31058]</value>
        <value condition="Window.IsActive(musicfiles) + SubString(container.foldername,playlists)">$LOCALIZE[20011]</value>
        <value condition="Window.IsActive(musicfiles) + !Substring(Container.folderpath,plugin)">$LOCALIZE[31077]</value>
        <value condition="Substring(Container.folderpath,plugin)">$INFO[container.foldername]</value>
        <value condition="Container.Content(movies)">$LOCALIZE[20342] [COLOR accented]$LOCALIZE[31054] $INFO[container.sortmethod][/COLOR]</value>
        <value condition="Container.Content(livetv)">31006</value>
        <value condition="Container.Content(seasons) | Container.Content(tvshows) | Container.Content(episodes)">$LOCALIZE[20343] [COLOR accented]$LOCALIZE[31054] $INFO[container.sortmethod][/COLOR]</value>
        <value condition="Container.Content(addons)">$LOCALIZE[31055]</value>
        <value condition="Container.Content(albums)">$LOCALIZE[31037] [COLOR accented]$LOCALIZE[31054] $INFO[container.sortmethod][/COLOR]</value>
        <value condition="Container.Content(songs)">$INFO[listitem.album] [COLOR accented]$INFO[listitem.artist][/COLOR]</value>
        <value condition="Window.IsActive(pvr) + Control.IsVisible(11)">$LOCALIZE[31006] [COLOR accented]$LOCALIZE[31078][/COLOR]</value>
        <value condition="Window.IsActive(pvr) + [Control.IsVisible(11) | Control.IsVisible(10)]">$LOCALIZE[31006] [COLOR accented]$LOCALIZE[31080][/COLOR]</value>
        <value condition="Window.IsActive(pvr) + [Control.IsVisible(11) | Control.IsVisible(13)]">$LOCALIZE[31006] [COLOR accented]$LOCALIZE[19163][/COLOR]</value>
		<value condition="Window.IsActive(pvr) + Control.IsVisible(12)">$LOCALIZE[19024] [COLOR accented]$LOCALIZE[31078][/COLOR]</value>        
		<value condition="!isEmpty(container.foldername)">$INFO[container.foldername]</value>
    </variable>
    <variable name="listSubTitle">
        <value condition="Window.IsActive(videolibrary) + SubString(skin.string(showRecentVideoItems),true)">$LOCALIZE[31013]</value>
        <value condition="Window.IsActive(videolibrary) + SubString(skin.string(showRecentVideoItems),false)">$INFO[container.Numitems,, $LOCALIZE[31014]]</value>
        <value condition="[Window.IsActive(musiclibrary) | Window.IsActive(musicfiles)] + SubString(skin.string(showRecentMusicItems),true)">$LOCALIZE[31013]</value>
        <value condition="[Window.IsActive(musiclibrary) | Window.IsActive(musicfiles)] + SubString(skin.string(showRecentMusicItems),false)">$INFO[container.Numitems,, $LOCALIZE[31014]]</value>
    </variable>
    <!--list view item detail / subheader-->
    <variable name="itemDetail">
        <value condition="Container.Content(movies)">$INFO[Listitem.duration,,$LOCALIZE[31018]] • $VAR[itemResolution] $INFO[ListItem.VideoResolution]</value>
        <value condition="Container.Content(tvshows) + System.Setting(hidewatched)">$INFO[ListItem.Property(UnWatchedEpisodes)] / $INFO[ListItem.Property(TotalEpisodes)]</value>
        <value condition="Container.Content(tvshows) + !System.Setting(hidewatched)">$INFO[ListItem.Property(TotalEpisodes)]</value>
        <value condition="Container.Content(seasons)">$INFO[ListItem.Property(UnWatchedEpisodes)] $LOCALIZE[16101]</value>
        <value condition="Container.Content(artists)">$INFO[ListItem.Property(Artist_Genre)]</value>
		<value></value>
    </variable>
    <!--SD / HD value (thanks 'Black!)-->
    <variable name="itemResolution">
        <value condition="SubString(ListItem.FileNameAndPath,.3D.) | SubString(ListItem.FileNameAndPath,-3D.)">$LOCALIZE[31129]</value>
        <value condition="IntegerGreaterThan(ListItem.VideoResolution,719)">$LOCALIZE[31127]</value>
        <value condition="!IsEmpty(ListItem.VideoResolution)">$LOCALIZE[31128]</value>
    </variable>
	<!--Music player shuffle state-->
	<variable name="shuffleState">
		<value condition="Playlist.IsRandom">$LOCALIZE[191]: $LOCALIZE[16041]</value>
		<value>$LOCALIZE[191]: $LOCALIZE[16039]</value>
	</variable>
	<!--Music player repeat state-->
	<variable name="repeatState">
		<value condition="Playlist.IsRepeat">$LOCALIZE[597]</value>
		<value condition="Playlist.IsRepeatOne">$LOCALIZE[596]</value>
		<value condition="!Playlist.IsRepeat + !Playlist.IsRepeatOne">$LOCALIZE[595]</value>
	</variable>
    <!--fullscreeninfo titles-->
    <variable name="nowPlayingTitle">
        <value condition="!StringCompare(VideoPlayer.title,VideoPlayer.TVShowTitle)">$INFO[videoplayer.tvshowtitle] $INFO[videoplayer.title]</value>
        <value condition="StringCompare(VideoPlayer.title,VideoPlayer.TVShowTitle)">$INFO[videoplayer.title]</value>
    </variable>
    <!--custom addon handling-->
    <!--video-->
    <variable name="customAddonSourceSlot">
        <value condition="stringcompare(Skin.String(menuItemTypeFilter),video) + isempty(Skin.String(customVideoAddon1))">video1</value>
        <value condition="stringcompare(Skin.String(menuItemTypeFilter),video) + isempty(Skin.String(customVideoAddon2))">video2</value>
        <value condition="stringcompare(Skin.String(menuItemTypeFilter),video) + isempty(Skin.String(customVideoAddon3))">video3</value>
        <value condition="stringcompare(Skin.String(menuItemTypeFilter),video) + isempty(Skin.String(customVideoAddon4))">video4</value>
        <value condition="stringcompare(Skin.String(menuItemTypeFilter),video) + isempty(Skin.String(customVideoAddon5))">video5</value>
        <value condition="stringcompare(Skin.String(menuItemTypeFilter),video) + isempty(Skin.String(customVideoAddon6))">video6</value>
        <value condition="stringcompare(Skin.String(menuItemTypeFilter),video) + isempty(Skin.String(customVideoAddon7))">video7</value>
        <value condition="stringcompare(Skin.String(menuItemTypeFilter),video) + isempty(Skin.String(customVideoAddon8))">video8</value>
        <value condition="stringcompare(Skin.String(menuItemTypeFilter),audio) + isempty(Skin.String(customMusicAddon1))">audio1</value>
        <value condition="stringcompare(Skin.String(menuItemTypeFilter),audio) + isempty(Skin.String(customMusicAddon2))">audio2</value>
        <value condition="stringcompare(Skin.String(menuItemTypeFilter),audio) + isempty(Skin.String(customMusicAddon3))">audio3</value>
        <value condition="stringcompare(Skin.String(menuItemTypeFilter),audio) + isempty(Skin.String(customMusicAddon4))">audio4</value>
        <value condition="stringcompare(Skin.String(menuItemTypeFilter),audio) + isempty(Skin.String(customMusicAddon5))">audio5</value>
        <value condition="stringcompare(Skin.String(menuItemTypeFilter),audio) + isempty(Skin.String(customMusicAddon6))">audio6</value>
        <value condition="stringcompare(Skin.String(menuItemTypeFilter),audio) + isempty(Skin.String(customMusicAddon7))">audio7</value>
        <value condition="stringcompare(Skin.String(menuItemTypeFilter),audio) + isempty(Skin.String(customMusicAddon8))">audio8</value>
    </variable>
    <variable name="customVideoSourceAction">
        <value condition="stringcompare(Skin.String(currentAddonSourceSlot),video1) + stringcompare(Skin.String(menuItemType),videoAddon)">Skin.SetAddon(customVideoAddon1,xbmc.addon.video)</value>
        <value condition="stringcompare(Skin.String(currentAddonSourceSlot),video1) + stringcompare(Skin.String(menuItemType),videoPlaylist)">Skin.SetFile(customVideoAddon1,.xsp|.m3u,special://userdata/playlists/video/)</value>
        <value condition="stringcompare(Skin.String(currentAddonSourceSlot),video2) + stringcompare(Skin.String(menuItemType),videoAddon)">Skin.SetAddon(customVideoAddon2,xbmc.addon.video)</value>
        <value condition="stringcompare(Skin.String(currentAddonSourceSlot),video2) + stringcompare(Skin.String(menuItemType),videoPlaylist)">Skin.SetFile(customVideoAddon2,.xsp|.m3u,special://userdata/playlists/video/)</value>
        <value condition="stringcompare(Skin.String(currentAddonSourceSlot),video3) + stringcompare(Skin.String(menuItemType),videoAddon)">Skin.SetAddon(customVideoAddon3,xbmc.addon.video)</value>
        <value condition="stringcompare(Skin.String(currentAddonSourceSlot),video3) + stringcompare(Skin.String(menuItemType),videoPlaylist)">Skin.SetFile(customVideoAddon3,.xsp|.m3u,special://userdata/playlists/video/)</value>
        <value condition="stringcompare(Skin.String(currentAddonSourceSlot),video4) + stringcompare(Skin.String(menuItemType),videoAddon)">Skin.SetAddon(customVideoAddon4,xbmc.addon.video)</value>
        <value condition="stringcompare(Skin.String(currentAddonSourceSlot),video4) + stringcompare(Skin.String(menuItemType),videoPlaylist)">Skin.SetFile(customVideoAddon4,.xsp|.m3u,special://userdata/playlists/video/)</value>
        <value condition="stringcompare(Skin.String(currentAddonSourceSlot),video5) + stringcompare(Skin.String(menuItemType),videoAddon)">Skin.SetAddon(customVideoAddon5,xbmc.addon.video)</value>
        <value condition="stringcompare(Skin.String(currentAddonSourceSlot),video5) + stringcompare(Skin.String(menuItemType),videoPlaylist)">Skin.SetFile(customVideoAddon5,.xsp|.m3u,special://userdata/playlists/video/)</value>
        <value condition="stringcompare(Skin.String(currentAddonSourceSlot),video6) + stringcompare(Skin.String(menuItemType),videoAddon)">Skin.SetAddon(customVideoAddon6,xbmc.addon.video)</value>
        <value condition="stringcompare(Skin.String(currentAddonSourceSlot),video6) + stringcompare(Skin.String(menuItemType),videoPlaylist)">Skin.SetFile(customVideoAddon6,.xsp|.m3u,special://userdata/playlists/video/)</value>
        <value condition="stringcompare(Skin.String(currentAddonSourceSlot),video7) + stringcompare(Skin.String(menuItemType),videoAddon)">Skin.SetAddon(customVideoAddon7,xbmc.addon.video)</value>
        <value condition="stringcompare(Skin.String(currentAddonSourceSlot),video7) + stringcompare(Skin.String(menuItemType),videoPlaylist)">Skin.SetFile(customVideoAddon7,.xsp|.m3u,special://userdata/playlists/video/)</value>
        <value condition="stringcompare(Skin.String(currentAddonSourceSlot),video8) + stringcompare(Skin.String(menuItemType),videoAddon)">Skin.SetAddon(customVideoAddon8,xbmc.addon.video)</value>
        <value condition="stringcompare(Skin.String(currentAddonSourceSlot),video8) + stringcompare(Skin.String(menuItemType),videoPlaylist)">Skin.SetFile(customVideoAddon8,.xsp|.m3u,special://userdata/playlists/video/)</value>
    </variable>
    <variable name="customVideoSourceSetType">
        <value condition="stringcompare(Skin.String(currentAddonSourceSlot),video1)">Skin.SetString(customVideoAddon1Type,$INFO[Skin.String(menuItemType)])</value>
        <value condition="stringcompare(Skin.String(currentAddonSourceSlot),video2)">Skin.SetString(customVideoAddon2Type,$INFO[Skin.String(menuItemType)])</value>
        <value condition="stringcompare(Skin.String(currentAddonSourceSlot),video3)">Skin.SetString(customVideoAddon3Type,$INFO[Skin.String(menuItemType)])</value>
        <value condition="stringcompare(Skin.String(currentAddonSourceSlot),video4)">Skin.SetString(customVideoAddon4Type,$INFO[Skin.String(menuItemType)])</value>
        <value condition="stringcompare(Skin.String(currentAddonSourceSlot),video5)">Skin.SetString(customVideoAddon5Type,$INFO[Skin.String(menuItemType)])</value>
        <value condition="stringcompare(Skin.String(currentAddonSourceSlot),video6)">Skin.SetString(customVideoAddon6Type,$INFO[Skin.String(menuItemType)])</value>
        <value condition="stringcompare(Skin.String(currentAddonSourceSlot),video7)">Skin.SetString(customVideoAddon7Type,$INFO[Skin.String(menuItemType)])</value>
        <value condition="stringcompare(Skin.String(currentAddonSourceSlot),video8)">Skin.SetString(customVideoAddon8Type,$INFO[Skin.String(menuItemType)])</value>
    </variable>
    <variable name="customVideoSourceSetName">
        <value condition="stringcompare(Skin.String(currentAddonSourceSlot),video1)">Skin.SetString(customVideoAddon1Name)</value>
        <value condition="stringcompare(Skin.String(currentAddonSourceSlot),video2)">Skin.SetString(customVideoAddon2Name)</value>
        <value condition="stringcompare(Skin.String(currentAddonSourceSlot),video3)">Skin.SetString(customVideoAddon3Name)</value>
        <value condition="stringcompare(Skin.String(currentAddonSourceSlot),video4)">Skin.SetString(customVideoAddon4Name)</value>
        <value condition="stringcompare(Skin.String(currentAddonSourceSlot),video5)">Skin.SetString(customVideoAddon5Name)</value>
        <value condition="stringcompare(Skin.String(currentAddonSourceSlot),video6)">Skin.SetString(customVideoAddon6Name)</value>
        <value condition="stringcompare(Skin.String(currentAddonSourceSlot),video7)">Skin.SetString(customVideoAddon7Name)</value>
        <value condition="stringcompare(Skin.String(currentAddonSourceSlot),video8)">Skin.SetString(customVideoAddon8Name)</value>
    </variable>
    <variable name="customVideoAddon1Title">
        <value condition="stringcompare(Skin.String(customVideoAddon1Type),videoAddon)">$INFO[system.addontitle(Skin.String(customVideoAddon1))]</value>
        <value>$INFO[Skin.String(customVideoAddon1Name)]</value>
    </variable>
    <variable name="customVideoAddon2Title">
        <value condition="stringcompare(Skin.String(customVideoAddon2Type),videoAddon)">$INFO[system.addontitle(Skin.String(customVideoAddon2))]</value>
        <value>$INFO[Skin.String(customVideoAddon2Name)]</value>
    </variable>
    <variable name="customVideoAddon3Title">
        <value condition="stringcompare(Skin.String(customVideoAddon3Type),videoAddon)">$INFO[system.addontitle(Skin.String(customVideoAddon3))]</value>
        <value>$INFO[Skin.String(customVideoAddon3Name)]</value>
    </variable>
    <variable name="customVideoAddon4Title">
        <value condition="stringcompare(Skin.String(customVideoAddon4Type),videoAddon)">$INFO[system.addontitle(Skin.String(customVideoAddon4))]</value>
        <value>$INFO[Skin.String(customVideoAddon4Name)]</value>
    </variable>
    <variable name="customVideoAddon5Title">
        <value condition="stringcompare(Skin.String(customVideoAddon5Type),videoAddon)">$INFO[system.addontitle(Skin.String(customVideoAddon5))]</value>
        <value>$INFO[Skin.String(customVideoAddon5Name)]</value>
    </variable>
    <variable name="customVideoAddon6Title">
        <value condition="stringcompare(Skin.String(customVideoAddon6Type),videoAddon)">$INFO[system.addontitle(Skin.String(customVideoAddon6))]</value>
        <value>$INFO[Skin.String(customVideoAddon6Name)]</value>
    </variable>
    <variable name="customVideoAddon7Title">
        <value condition="stringcompare(Skin.String(customVideoAddon7Type),videoAddon)">$INFO[system.addontitle(Skin.String(customVideoAddon7))]</value>
        <value>$INFO[Skin.String(customVideoAddon7Name)]</value>
    </variable>
    <variable name="customVideoAddon8Title">
        <value condition="stringcompare(Skin.String(customVideoAddon8Type),videoAddon)">$INFO[system.addontitle(Skin.String(customVideoAddon8))]</value>
        <value>$INFO[Skin.String(customVideoAddon8Name)]</value>
    </variable>
    <!--music-->
    <variable name="customMusicSourceAction">
        <value condition="stringcompare(Skin.String(currentAddonSourceSlot),audio1) + stringcompare(Skin.String(menuItemType),audioAddon)">Skin.SetAddon(customMusicAddon1,xbmc.addon.audio)</value>
        <value condition="stringcompare(Skin.String(currentAddonSourceSlot),audio1) + stringcompare(Skin.String(menuItemType),audioPlaylist)">Skin.SetFile(customMusicAddon1,.xsp|.m3u,special://userdata/playlists/music/)</value>
        <value condition="stringcompare(Skin.String(currentAddonSourceSlot),audio2) + stringcompare(Skin.String(menuItemType),audioAddon)">Skin.SetAddon(customMusicAddon2,xbmc.addon.audio)</value>
        <value condition="stringcompare(Skin.String(currentAddonSourceSlot),audio2) + stringcompare(Skin.String(menuItemType),audioPlaylist)">Skin.SetFile(customMusicAddon2,.xsp|.m3u,special://userdata/playlists/music/)</value>
        <value condition="stringcompare(Skin.String(currentAddonSourceSlot),audio3) + stringcompare(Skin.String(menuItemType),audioAddon)">Skin.SetAddon(customMusicAddon3,xbmc.addon.audio)</value>
        <value condition="stringcompare(Skin.String(currentAddonSourceSlot),audio3) + stringcompare(Skin.String(menuItemType),audioPlaylist)">Skin.SetFile(customMusicAddon3,.xsp|.m3u,special://userdata/playlists/music/)</value>
        <value condition="stringcompare(Skin.String(currentAddonSourceSlot),audio4) + stringcompare(Skin.String(menuItemType),audioAddon)">Skin.SetAddon(customMusicAddon4,xbmc.addon.audio)</value>
        <value condition="stringcompare(Skin.String(currentAddonSourceSlot),audio4) + stringcompare(Skin.String(menuItemType),audioPlaylist)">Skin.SetFile(customMusicAddon4,.xsp|.m3u,special://userdata/playlists/music/)</value>
        <value condition="stringcompare(Skin.String(currentAddonSourceSlot),audio5) + stringcompare(Skin.String(menuItemType),audioAddon)">Skin.SetAddon(customMusicAddon5,xbmc.addon.audio)</value>
        <value condition="stringcompare(Skin.String(currentAddonSourceSlot),audio5) + stringcompare(Skin.String(menuItemType),audioPlaylist)">Skin.SetFile(customMusicAddon5,.xsp|.m3u,special://userdata/playlists/music/)</value>
        <value condition="stringcompare(Skin.String(currentAddonSourceSlot),audio6) + stringcompare(Skin.String(menuItemType),audioAddon)">Skin.SetAddon(customMusicAddon6,xbmc.addon.audio)</value>
        <value condition="stringcompare(Skin.String(currentAddonSourceSlot),audio6) + stringcompare(Skin.String(menuItemType),audioPlaylist)">Skin.SetFile(customMusicAddon6,.xsp|.m3u,special://userdata/playlists/music/)</value>
        <value condition="stringcompare(Skin.String(currentAddonSourceSlot),audio7) + stringcompare(Skin.String(menuItemType),audioAddon)">Skin.SetAddon(customMusicAddon7,xbmc.addon.audio)</value>
        <value condition="stringcompare(Skin.String(currentAddonSourceSlot),audio7) + stringcompare(Skin.String(menuItemType),audioPlaylist)">Skin.SetFile(customMusicAddon7,.xsp|.m3u,special://userdata/playlists/music/)</value>
        <value condition="stringcompare(Skin.String(currentAddonSourceSlot),audio8) + stringcompare(Skin.String(menuItemType),audioAddon)">Skin.SetAddon(customMusicAddon8,xbmc.addon.audio)</value>
        <value condition="stringcompare(Skin.String(currentAddonSourceSlot),audio8) + stringcompare(Skin.String(menuItemType),audioPlaylist)">Skin.SetFile(customMusicAddon8,.xsp|.m3u,special://userdata/playlists/music/)</value>
    </variable>
    <variable name="customMusicSourceSetType">
        <value condition="stringcompare(Skin.String(currentAddonSourceSlot),audio1)">Skin.SetString(customMusicAddon1Type,$INFO[Skin.String(menuItemType)])</value>
        <value condition="stringcompare(Skin.String(currentAddonSourceSlot),audio2)">Skin.SetString(customMusicAddon2Type,$INFO[Skin.String(menuItemType)])</value>
        <value condition="stringcompare(Skin.String(currentAddonSourceSlot),audio3)">Skin.SetString(customMusicAddon3Type,$INFO[Skin.String(menuItemType)])</value>
        <value condition="stringcompare(Skin.String(currentAddonSourceSlot),audio4)">Skin.SetString(customMusicAddon4Type,$INFO[Skin.String(menuItemType)])</value>
        <value condition="stringcompare(Skin.String(currentAddonSourceSlot),audio5)">Skin.SetString(customMusicAddon5Type,$INFO[Skin.String(menuItemType)])</value>
        <value condition="stringcompare(Skin.String(currentAddonSourceSlot),audio6)">Skin.SetString(customMusicAddon6Type,$INFO[Skin.String(menuItemType)])</value>
        <value condition="stringcompare(Skin.String(currentAddonSourceSlot),audio7)">Skin.SetString(customMusicAddon7Type,$INFO[Skin.String(menuItemType)])</value>
        <value condition="stringcompare(Skin.String(currentAddonSourceSlot),audio8)">Skin.SetString(customMusicAddon8Type,$INFO[Skin.String(menuItemType)])</value>
    </variable>
    <variable name="customMusicSourceSetName">
        <value condition="stringcompare(Skin.String(currentAddonSourceSlot),audio1)">Skin.SetString(customMusicAddon1Name)</value>
        <value condition="stringcompare(Skin.String(currentAddonSourceSlot),audio2)">Skin.SetString(customMusicAddon2Name)</value>
        <value condition="stringcompare(Skin.String(currentAddonSourceSlot),audio3)">Skin.SetString(customMusicAddon3Name)</value>
        <value condition="stringcompare(Skin.String(currentAddonSourceSlot),audio4)">Skin.SetString(customMusicAddon4Name)</value>
        <value condition="stringcompare(Skin.String(currentAddonSourceSlot),audio5)">Skin.SetString(customMusicAddon5Name)</value>
        <value condition="stringcompare(Skin.String(currentAddonSourceSlot),audio6)">Skin.SetString(customMusicAddon6Name)</value>
        <value condition="stringcompare(Skin.String(currentAddonSourceSlot),audio7)">Skin.SetString(customMusicAddon7Name)</value>
        <value condition="stringcompare(Skin.String(currentAddonSourceSlot),audio8)">Skin.SetString(customMusicAddon8Name)</value>
    </variable>
    <variable name="customMusicAddon1Title">
        <value condition="stringcompare(Skin.String(customMusicAddon1Type),audioAddon)">$INFO[system.addontitle(Skin.String(customMusicAddon1))]</value>
        <value>$INFO[Skin.String(customMusicAddon1Name)]</value>
    </variable>
    <variable name="customMusicAddon2Title">
        <value condition="stringcompare(Skin.String(customMusicAddon2Type),audioAddon)">$INFO[system.addontitle(Skin.String(customMusicAddon2))]</value>
        <value>$INFO[Skin.String(customMusicAddon2Name)]</value>
    </variable>
    <variable name="customMusicAddon3Title">
        <value condition="stringcompare(Skin.String(customMusicAddon3Type),audioAddon)">$INFO[system.addontitle(Skin.String(customMusicAddon3))]</value>
        <value>$INFO[Skin.String(customMusicAddon3Name)]</value>
    </variable>
    <variable name="customMusicAddon4Title">
        <value condition="stringcompare(Skin.String(customMusicAddon4Type),audioAddon)">$INFO[system.addontitle(Skin.String(customMusicAddon4))]</value>
        <value>$INFO[Skin.String(customMusicAddon4Name)]</value>
    </variable>
    <variable name="customMusicAddon5Title">
        <value condition="stringcompare(Skin.String(customMusicAddon5Type),audioAddon)">$INFO[system.addontitle(Skin.String(customMusicAddon5))]</value>
        <value>$INFO[Skin.String(customMusicAddon5Name)]</value>
    </variable>
    <variable name="customMusicAddon6Title">
        <value condition="stringcompare(Skin.String(customMusicAddon6Type),audioAddon)">$INFO[system.addontitle(Skin.String(customMusicAddon6))]</value>
        <value>$INFO[Skin.String(customMusicAddon6Name)]</value>
    </variable>
    <variable name="customMusicAddon7Title">
        <value condition="stringcompare(Skin.String(customMusicAddon7Type),audioAddon)">$INFO[system.addontitle(Skin.String(customMusicAddon7))]</value>
        <value>$INFO[Skin.String(customMusicAddon7Name)]</value>
    </variable>
    <variable name="customMusicAddon8Title">
        <value condition="stringcompare(Skin.String(customMusicAddon8Type),audioAddon)">$INFO[system.addontitle(Skin.String(customMusicAddon8))]</value>
        <value>$INFO[Skin.String(customMusicAddon8Name)]</value>
    </variable>
    <!--A bit of feedback for the addon selection dialog-->
    <variable name="pendingAddonPath">
        <value condition="stringcompare(skin.string(currentAddonSourceSlot),video1)">$INFO[Skin.String(customVideoAddon1)]</value>
        <value condition="stringcompare(skin.string(currentAddonSourceSlot),video2)">$INFO[Skin.String(customVideoAddon2)]</value>
        <value condition="stringcompare(skin.string(currentAddonSourceSlot),video3)">$INFO[Skin.String(customVideoAddon3)]</value>
        <value condition="stringcompare(skin.string(currentAddonSourceSlot),video4)">$INFO[Skin.String(customVideoAddon4)]</value>
        <value condition="stringcompare(skin.string(currentAddonSourceSlot),video5)">$INFO[Skin.String(customVideoAddon5)]</value>
        <value condition="stringcompare(skin.string(currentAddonSourceSlot),video6)">$INFO[Skin.String(customVideoAddon6)]</value>
        <value condition="stringcompare(skin.string(currentAddonSourceSlot),video7)">$INFO[Skin.String(customVideoAddon7)]</value>
        <value condition="stringcompare(skin.string(currentAddonSourceSlot),video8)">$INFO[Skin.String(customVideoAddon8)]</value>
        <value condition="stringcompare(skin.string(currentAddonSourceSlot),audio1)">$INFO[Skin.String(customMusicAddon1)]</value>
        <value condition="stringcompare(skin.string(currentAddonSourceSlot),audio2)">$INFO[Skin.String(customMusicAddon2)]</value>
        <value condition="stringcompare(skin.string(currentAddonSourceSlot),audio3)">$INFO[Skin.String(customMusicAddon3)]</value>
        <value condition="stringcompare(skin.string(currentAddonSourceSlot),audio4)">$INFO[Skin.String(customMusicAddon4)]</value>
        <value condition="stringcompare(skin.string(currentAddonSourceSlot),audio5)">$INFO[Skin.String(customMusicAddon5)]</value>
        <value condition="stringcompare(skin.string(currentAddonSourceSlot),audio6)">$INFO[Skin.String(customMusicAddon6)]</value>
        <value condition="stringcompare(skin.string(currentAddonSourceSlot),audio7)">$INFO[Skin.String(customMusicAddon7)]</value>
        <value condition="stringcompare(skin.string(currentAddonSourceSlot),audio8)">$INFO[Skin.String(customMusicAddon8)]</value>
    </variable>
    <variable name="pendingAddonName">
        <value condition="stringcompare(skin.string(currentAddonSourceSlot),video1)">$INFO[Skin.String(customVideoAddon1Name)]</value>
        <value condition="stringcompare(skin.string(currentAddonSourceSlot),video2)">$INFO[Skin.String(customVideoAddon2Name)]</value>
        <value condition="stringcompare(skin.string(currentAddonSourceSlot),video3)">$INFO[Skin.String(customVideoAddon3Name)]</value>
        <value condition="stringcompare(skin.string(currentAddonSourceSlot),video4)">$INFO[Skin.String(customVideoAddon4Name)]</value>
        <value condition="stringcompare(skin.string(currentAddonSourceSlot),video5)">$INFO[Skin.String(customVideoAddon5Name)]</value>
        <value condition="stringcompare(skin.string(currentAddonSourceSlot),video6)">$INFO[Skin.String(customVideoAddon6Name)]</value>
        <value condition="stringcompare(skin.string(currentAddonSourceSlot),video7)">$INFO[Skin.String(customVideoAddon7Name)]</value>
        <value condition="stringcompare(skin.string(currentAddonSourceSlot),video8)">$INFO[Skin.String(customVideoAddon8Name)]</value>
        <value condition="stringcompare(skin.string(currentAddonSourceSlot),audio1)">$INFO[Skin.String(customMusicAddon1Name)]</value>
        <value condition="stringcompare(skin.string(currentAddonSourceSlot),audio2)">$INFO[Skin.String(customMusicAddon2Name)]</value>
        <value condition="stringcompare(skin.string(currentAddonSourceSlot),audio3)">$INFO[Skin.String(customMusicAddon3Name)]</value>
        <value condition="stringcompare(skin.string(currentAddonSourceSlot),audio4)">$INFO[Skin.String(customMusicAddon4Name)]</value>
        <value condition="stringcompare(skin.string(currentAddonSourceSlot),audio5)">$INFO[Skin.String(customMusicAddon5Name)]</value>
        <value condition="stringcompare(skin.string(currentAddonSourceSlot),audio6)">$INFO[Skin.String(customMusicAddon6Name)]</value>
        <value condition="stringcompare(skin.string(currentAddonSourceSlot),audio7)">$INFO[Skin.String(customMusicAddon7Name)]</value>
        <value condition="stringcompare(skin.string(currentAddonSourceSlot),audio8)">$INFO[Skin.String(customMusicAddon8Name)]</value>
    </variable>
	<!--weather icons-->
	<variable name="weatherIcon">
	    <value condition="stringcompare(ListItem.Property(fanartCode),0)"> U</value><!--Rain/Lightning-->
	    <value condition="stringcompare(ListItem.Property(fanartCode),1)"> Z</value><!--Windy/Rain-->
	    <value condition="stringcompare(ListItem.Property(fanartCode),2)"> Z</value><!--Windy/Rain-->
	    <value condition="stringcompare(ListItem.Property(fanartCode),3)"> U</value><!--Rain/Lightning-->
	    <value condition="stringcompare(ListItem.Property(fanartCode),4)"> U</value><!--Rain/Lightning-->
	    <value condition="stringcompare(ListItem.Property(fanartCode),5)"> W</value><!--Cloudy/Snow-Rain Mix-->
	    <value condition="stringcompare(ListItem.Property(fanartCode),6)"> W</value><!--Hail-->
	    <value condition="stringcompare(ListItem.Property(fanartCode),7)"> W</value><!--Icy/Clouds Rain-Snow-->
	    <value condition="stringcompare(ListItem.Property(fanartCode),8)"> o</value><!--Icy/Haze Rain-->
	    <value condition="stringcompare(ListItem.Property(fanartCode),9)"> O</value><!--Haze/Rain-->
	    <value condition="stringcompare(ListItem.Property(fanartCode),10)"> o</value><!--Icy/Rain-->
	    <value condition="stringcompare(ListItem.Property(fanartCode),11)"> R</value><!--Light Rain-->
	    <value condition="stringcompare(ListItem.Property(fanartCode),12)"> R</value><!--Moderate Rain-->
	    <value condition="stringcompare(ListItem.Property(fanartCode),13)"> Z</value><!--Cloudy/Flurries-->
	    <value condition="stringcompare(ListItem.Property(fanartCode),14)"> Z</value><!--Cloudy/Flurries-->
	    <value condition="stringcompare(ListItem.Property(fanartCode),15)"> Z</value><!--Cloudy/Flurries-->
	    <value condition="stringcompare(ListItem.Property(fanartCode),16)"> Z</value><!--Cloudy/Flurries-->
	    <value condition="stringcompare(ListItem.Property(fanartCode),17)"> V</value><!--Rain/Lightning-->
	    <value condition="stringcompare(ListItem.Property(fanartCode),18)"> V</value><!--Rain/Lightning-->
	    <value condition="stringcompare(ListItem.Property(fanartCode),19)"> d</value><!--Dust-->
	    <value condition="stringcompare(ListItem.Property(fanartCode),20)"> N</value><!--Fog-->
	    <value condition="stringcompare(ListItem.Property(fanartCode),21)"> N</value><!--Haze-->
	    <value condition="stringcompare(ListItem.Property(fanartCode),22)"> N</value><!--Smoke-->
	    <value condition="stringcompare(ListItem.Property(fanartCode),23)"> a</value><!--Windy-->
	    <value condition="stringcompare(ListItem.Property(fanartCode),24)"> a</value><!--Windy-->
	    <value condition="stringcompare(ListItem.Property(fanartCode),25)"> a</value><!--Windy-->
	    <value condition="stringcompare(ListItem.Property(fanartCode),26)"> C</value><!--Mostly Cloudy-->
	    <value condition="stringcompare(ListItem.Property(fanartCode),27)"> C</value><!--Mostly Cloudy/Night-->
	    <value condition="stringcompare(ListItem.Property(fanartCode),28)"> C</value><!--Mostly Cloudy/Sunny-->
	    <value condition="stringcompare(ListItem.Property(fanartCode),29)"> C</value><!--Partly Cloudy/Night-->
	    <value condition="stringcompare(ListItem.Property(fanartCode),30)"> C</value><!--Partly Cloudy/Day-->
	    <value condition="stringcompare(ListItem.Property(fanartCode),31)"> I</value><!--Clear/Night-->
	    <value condition="stringcompare(ListItem.Property(fanartCode),32)"> I</value><!--Clear/Day-->
	    <value condition="stringcompare(ListItem.Property(fanartCode),33)"> E</value><!--Hazy/Night-->
	    <value condition="stringcompare(ListItem.Property(fanartCode),34)"> N</value><!--Hazy/Day-->
	    <value condition="stringcompare(ListItem.Property(fanartCode),35)"> U</value><!--Rain/Lightning-->
	    <value condition="stringcompare(ListItem.Property(fanartCode),36)"> A</value><!--Hot!-->
	    <value condition="stringcompare(ListItem.Property(fanartCode),37)"> T</value><!--Lightning/Day-->
	    <value condition="stringcompare(ListItem.Property(fanartCode),38)"> T</value><!--Lightning-->
	    <value condition="stringcompare(ListItem.Property(fanartCode),39)"> S</value><!--Rain/Day-->
	    <value condition="stringcompare(ListItem.Property(fanartCode),40)"> S</value><!--Rain-->
	    <value condition="stringcompare(ListItem.Property(fanartCode),41)"> W</value><!--Snow-->
	    <value condition="stringcompare(ListItem.Property(fanartCode),42)"> W</value><!--Snow-->
	    <value condition="stringcompare(ListItem.Property(fanartCode),43)"> W</value><!--Snow-->
	    <value condition="stringcompare(ListItem.Property(fanartCode),44)"> C</value><!--Partly Cloudy/Day-->
	    <value condition="stringcompare(ListItem.Property(fanartCode),45)"> F</value><!--Rain/Night-->
	    <value condition="stringcompare(ListItem.Property(fanartCode),46)"> W</value><!--Snow-->
	    <value condition="stringcompare(ListItem.Property(fanartCode),47)"> U</value><!--Thunder Showers/Night-->
	</variable>
</includes>