<?xml version="1.0" encoding="UTF-8"?>
<window>
    <defaultcontrol always="true">200</defaultcontrol>
    <allowoverlay>yes</allowoverlay>
    <controls>
        <!--background-->
        <include>globalBackground</include>
        <control type="image">
            <include>dimensionsFullscreen</include>
            <texture>colors/black.png</texture>
            <aspectratio>stretch</aspectratio>
            <colordiffuse>99ffffff</colordiffuse>
        </control>
        <control type="group">
            <posx>col-5-begin</posx>
            <posy>row-3-begin</posy>
            <!--animations-->
            <include>modalDialogInOutVertical</include>
            <control type="image">
                <posx>-384</posx>
                <posy>44</posy>
                <width>fullscreenWidth</width>
                <height>1-row</height>
                <texture>colors/selected.png</texture>
                <colordiffuse>ffffffff</colordiffuse>
                <aspectratio>stretch</aspectratio>
            </control>
            <control type="image">
                <posx>-3</posx>
                <posy>44</posy>
                <width>3</width>
                <height>1-row</height>
                <texture>colors/black.png</texture>
                <colordiffuse>ffffffff</colordiffuse>
                <aspectratio>stretch</aspectratio>
            </control>
            <control type="label">
                <posx>12</posx>
                <posy>47</posy>
                <width>8-col</width>
                <font>pageTitle</font>
                <label>$LOCALIZE[20077]</label>
                <textcolor>black</textcolor>
                <shadowcolor>-</shadowcolor>
            </control>
            <!--options-->
            <control type="grouplist" id="200">
                <posx>0</posx>
                <posy>120</posy>
                <width>16-col</width>
                <itemgap>3</itemgap>
                <height>14-row</height>
                <onleft>9000</onleft>
                <orientation>vertical</orientation>
                <control type="button" id="1">
                    <description>Override global background image</description>
                    <height>54</height>
                    <width>15-col</width>
                    <align>left</align>
                    <textoffsetx>12</textoffsetx>
                    <font>itemTitle</font>
                    <textcolor>selected</textcolor>
                    <focusedcolor>black</focusedcolor>
                    <texturefocus>colors/selected.png</texturefocus>
                    <label>31084</label>
                    <label2>$INFO[Skin.String(globalBackground)]</label2>
                    <onclick>Skin.SetFile(globalBackground,.png|.jpg|.gif,special://skin/extras/backgrounds/)</onclick>
                    <textwidth>8-col</textwidth>
					<onright>501</onright>
                </control>
                <control type="button" id="2">
                    <description>Set video fanart</description>
                    <height>54</height>
                    <width>15-col</width>
                    <align>left</align>
                    <textoffsetx>12</textoffsetx>
                    <font>itemTitle</font>
                    <textcolor>selected</textcolor>
                    <focusedcolor>black</focusedcolor>
                    <texturefocus>colors/selected.png</texturefocus>
                    <label>31026</label>
                    <label2>$INFO[Skin.String(videoFanartLocation)]</label2>
                    <onclick>Skin.SetPath(videoFanartLocation)</onclick>
                    <textwidth>8-col</textwidth>
					<onright>502</onright>
                </control>
                <control type="button" id="3">
                    <description>Set music fanart</description>
                    <height>54</height>
                    <width>15-col</width>
                    <align>left</align>
                    <textoffsetx>12</textoffsetx>
                    <font>itemTitle</font>
                    <textcolor>selected</textcolor>
                    <focusedcolor>black</focusedcolor>
                    <texturefocus>colors/selected.png</texturefocus>
                    <label>31030</label>
                    <label2>$INFO[Skin.String(musicFanartLocation)]</label2>
                    <onclick>Skin.SetPath(musicFanartLocation)</onclick>
                    <textwidth>8-col</textwidth>
					<onright>503</onright>
                </control>
                <control type="button" id="4">
                    <description>Set game fanart</description>
                    <height>54</height>
                    <width>15-col</width>
                    <align>left</align>
                    <textoffsetx>12</textoffsetx>
                    <font>itemTitle</font>
                    <textcolor>selected</textcolor>
                    <focusedcolor>black</focusedcolor>
                    <texturefocus>colors/selected.png</texturefocus>
                    <label>31028</label>
                    <label2>$INFO[Skin.String(gameFanartLocation)]</label2>
                    <onclick>Skin.SetPath(gameFanartLocation)</onclick>
                    <textwidth>8-col</textwidth>
					<onright>504</onright>
                </control>
                <control type="radiobutton" id="5">
                    <description>Override global background with fanart slides</description>
                    <width>16-col</width>
                    <label>31087</label>
                    <onclick>Skin.ToggleSetting(useGlobalFanartBackground)</onclick>
                    <selected>Skin.HasSetting(useGlobalFanartBackground)</selected>
                </control>
				<control type="radiobutton" id="6">
                    <description>Stop video on return to menu</description>
                    <width>16-col</width>
                    <label>31143</label>
                    <onclick>Skin.ToggleSetting(stopVideoOnMenu)</onclick>
                    <selected>Skin.HasSetting(stopVideoOnMenu)</selected>
                </control>
				<control type="radiobutton" id="7">
                    <description>Reverse power down options</description>
                    <width>16-col</width>
                    <label>31142</label>
                    <onclick>Skin.ToggleSetting(exitFirst)</onclick>
                    <selected>Skin.HasSetting(exitFirst)</selected>
                </control>
                <control type="radiobutton" id="8">
                    <description>Enable Debug Grid</description>
                    <width>16-col</width>
                    <label>31034</label>
                    <onclick>Skin.ToggleSetting(DebugGrid)</onclick>
                    <selected>Skin.HasSetting(DebugGrid)</selected>
                </control>
                <control type="radiobutton" id="9">
                    <description>Disable Debug Info</description>
                    <width>16-col</width>
                    <label>31035</label>
                    <onclick>Skin.ToggleSetting(DebugInfo)</onclick>
                    <selected>Skin.HasSetting(DebugInfo)</selected>
                </control>
            </control>
			<!--reset buttons-->
			<control type="group">
				<posx>15-col</posx>
						
				<control type="button" id="501">
					<posy>120</posy>
                    <height>54</height>
                    <width>60</width>
                    <align>left</align>
                    <textoffsetx>18</textoffsetx>
                    <font>symbol</font>
                    <textcolor>selected</textcolor>
                    <focusedcolor>black</focusedcolor>
                    <texturefocus>colors/selected.png</texturefocus>
                    <label></label>
					<onleft>1</onleft>
					<ondown>502</ondown>
                    <onclick>Skin.Reset(globalBackground)</onclick>
                </control>

				<control type="button" id="502">
					<posy>177</posy>
                    <height>54</height>
                    <width>60</width>
                    <align>left</align>
                    <textoffsetx>18</textoffsetx>
                    <font>symbol</font>
                    <textcolor>selected</textcolor>
                    <focusedcolor>black</focusedcolor>
                    <texturefocus>colors/selected.png</texturefocus>
                    <label></label>
					<onleft>2</onleft>
					<ondown>503</ondown>
					<onup>501</onup>
                    <onclick>Skin.Reset(videoFanartLocation)</onclick>
                </control>

				<control type="button" id="503">
					<posy>234</posy>
                    <height>54</height>
                    <width>60</width>
                    <align>left</align>
                    <textoffsetx>18</textoffsetx>
                    <font>symbol</font>
                    <textcolor>selected</textcolor>
                    <focusedcolor>black</focusedcolor>
                    <texturefocus>colors/selected.png</texturefocus>
                    <label></label>
					<onleft>3</onleft>
					<ondown>504</ondown>
					<onup>502</onup>
                    <onclick>Skin.Reset(musicFanartLocation)</onclick>
                </control>

				<control type="button" id="504">
					<posy>291</posy>
                    <height>54</height>
                    <width>60</width>
                    <align>left</align>
                    <textoffsetx>18</textoffsetx>
                    <font>symbol</font>
                    <textcolor>selected</textcolor>
                    <focusedcolor>black</focusedcolor>
                    <texturefocus>colors/selected.png</texturefocus>
                    <label></label>
					<onleft>4</onleft>
					<onup>503</onup>
					<ondown>5</ondown>
                    <onclick>Skin.Reset(gameFanartLocation)</onclick>
                </control>
			</control>
        </control>
        <!--debugging-->
        <include>DebugGrid</include>
        <control type="label">
            <include>DialogID</include>
            <label>CustomSettings.xml</label>
        </control>
    </controls>
</window>