<?xml version="1.0" encoding="UTF-8"?>
<window>
    <defaultcontrol>-</defaultcontrol>
    <controls>
        <!--aspect ratio label-->
        <control type="group">
            <posx>0</posx>
            <posy>row-2-begin</posy>
            <control type="image">
                <posx>0</posx>
                <posy>-12</posy>
                <width>8-col</width>
                <height>102</height>
                <texture>colors/selected.png</texture>
                <colordiffuse>eeFFFFFF</colordiffuse>
            </control>
            <control type="label">
                <description>heading</description>
                <posx>24</posx>
                <posy>-12</posy>
                <font>smallStrong</font>
                <width>468</width>
                <height>1-row</height>
                <label>31125</label>
                <scroll>true</scroll>
                <textcolor>black</textcolor>
                <shadowcolor>-</shadowcolor>
            </control>
            <control type="label" id="10">
                <posx>24</posx>
                <posy>30</posy>
                <font>pageTitle</font>
                <textcolor>black</textcolor>
                <width>468</width>
                <height>1-row</height>
                <label>-</label>
                <scroll>true</scroll>
                <shadowcolor>-</shadowcolor>
            </control>
        </control>
        <!--buffering label-->
        <control type="group">
            <posx>0</posx>
            <posy>row-2-begin</posy>
            <visible>control.isvisible(24)</visible>
            <control type="image">
                <posx>0</posx>
                <posy>-12</posy>
                <width>8-col</width>
                <height>102</height>
                <texture>colors/selected.png</texture>
                <colordiffuse>eeFFFFFF</colordiffuse>
            </control>
            <control type="label">
                <description>heading</description>
                <posx>24</posx>
                <posy>-12</posy>
                <font>smallStrong</font>
                <width>468</width>
                <height>1-row</height>
                <label>20186</label>
                <scroll>true</scroll>
                <textcolor>black</textcolor>
                <shadowcolor>-</shadowcolor>
            </control>
            <control type="label" id="24">
                <description>buffering label</description>
                <posx>24</posx>
                <posy>30</posy>
                <font>pageTitle</font>
                <textcolor>black</textcolor>
                <width>468</width>
                <height>1-row</height>
                <label>$LOCALIZE[15107] $INFO[Player.CacheLevel]%</label>
                <scroll>true</scroll>
                <shadowcolor>-</shadowcolor>
            </control>
        </control>
        <!--debugging-->
        <include>DebugGrid</include>
        <control type="label">
            <include>WindowID</include>
            <label>VideoFullScreen.xml</label>
        </control>
    </controls>
</window>