<?xml version="1.0" encoding="UTF-8"?>
<includes>
    <!--Photo browser-->
    <include name="viewPictureGrid">
        <control type="panel" id="52">
            <visible>true</visible>
            <posx>-12</posx>
            <posy>0</posy>
            <width>22-col</width>
            <height>708</height>
            <onleft>9000</onleft>
            <onright>60</onright>
            <ondown>51</ondown>
            <onup>51</onup>
            <pagecontrol>60</pagecontrol>
            <itemlayout width="312" height="366">
				<control type="image">
                    <posx>0</posx>
                    <posy>0</posy>
                    <width>276</width>
                    <height>273</height>
                    <aspectratio>scale</aspectratio>
                    <texture fallback="colors/offblack.png">$INFO[Listitem.icon]</texture>
                    <colordiffuse>ffFFFFFF</colordiffuse>
                </control>
                <control type="image">
                    <posx>0</posx>
                    <posy>0</posy>
                    <width>276</width>
                    <height>273</height>
                    <texture>backgrounds/vignette.png</texture>
                    <colordiffuse>ddffffff</colordiffuse>
                    <aspectratio>stretch</aspectratio>
                </control>
                <control type="group">
                    <posx>0</posx>
                    <posy>276</posy>
                    <control type="image">
                        <posx>0</posx>
                        <posy>0</posy>
                        <width>276</width>
                        <height>64</height>
                        <aspectratio>stretch</aspectratio>
                        <texture>colors/black.png</texture>
                        <bordersize>0</bordersize>
                        <colordiffuse>77FFFFFF</colordiffuse>
                    </control>
                    <control type="label">
                        <posx>12</posx>
                        <posy>-8</posy>
                        <width>252</width>
                        <font>itemTitleSmallCondensed</font>
                        <textcolor>selected</textcolor>
                        <label>$INFO[ListItem.label]</label>
                    </control>
                    <control type="label">
                        <posx>12</posx>
                        <posy>18</posy>
                        <width>252</width>
                        <font>smallMedium</font>
                        <textcolor>selected</textcolor>
                        <label>$INFO[ListItem.PictureResolution,, • ]$INFO[ListItem.label2]</label>
                    </control>
                </control>
            </itemlayout>
            <focusedlayout width="312" height="366">
				<control type="image">
                    <posx>0</posx>
                    <posy>0</posy>
                    <width>276</width>
                    <height>273</height>
					<aspectratio>scale</aspectratio>
                    <texture fallback="colors/offblack.png">$INFO[Listitem.icon]</texture>
                    <colordiffuse>ffFFFFFF</colordiffuse>
                </control>
                <control type="image">
                    <posx>0</posx>
                    <posy>0</posy>
                    <width>276</width>
                    <height>273</height>
                    <texture>backgrounds/vignette.png</texture>
                    <colordiffuse>ffffffff</colordiffuse>
                    <aspectratio>stretch</aspectratio>
                    <animation effect="fade" start="0" end="100" time="500" reversible="false">focus</animation>
                </control>
                <control type="group">
                    <posx>0</posx>
                    <posy>276</posy>
                    <control type="image">
                        <posx>0</posx>
                        <posy>0</posy>
                        <width>276</width>
                        <height>64</height>
                        <aspectratio>stretch</aspectratio>
                        <texture>colors/selected.png</texture>
                        <bordersize>0</bordersize>
                        <colordiffuse>ffFFFFFF</colordiffuse>
                    </control>
                    <control type="label">
                        <posx>12</posx>
                        <posy>-8</posy>
                        <width>252</width>
                        <font>itemTitleSmallCondensed</font>
                        <textcolor>black</textcolor>
                        <shadowcolor>-</shadowcolor>
                        <label>$INFO[ListItem.Label]</label>
                        <scroll>true</scroll>
                    </control>
                    <control type="label">
                        <posx>12</posx>
                        <posy>18</posy>
                        <width>252</width>
                        <font>smallMedium</font>
                        <textcolor>black</textcolor>
                        <shadowcolor>-</shadowcolor>
                        <label>$INFO[ListItem.PictureResolution,, • ]$INFO[ListItem.label2]</label>
                    </control>
                </control>
            </focusedlayout>
        </control>
    </include>
</includes>